user_id,week,exercise,sets,reps_per_set,avg_rpe,volume,weighted_volume
0,0,pushups,4,"[4, 4, 2, 2]",8.05,12,12
0,0,squats,4,"[10, 10, 8, 7]",10,35,24.5
0,0,situps,4,"[2, 1, 1, 1]",6.82,5,7.5
0,0,plank_seconds,4,"[47, 47, 46, 45]",10,185,55.5
0,0,pushups,4,"[4, 3, 3, 2]",8.05,12,12
0,0,squats,4,"[11, 10, 8, 8]",10,37,25.9
0,0,situps,4,"[2, 1, 1, 1]",6.82,5,7.5
0,0,plank_seconds,4,"[47, 47, 45, 45]",10,184,55.2
0,0,pushups,4,"[5, 3, 3, 2]",8.05,13,13
0,0,squats,4,"[11, 10, 8, 7]",10,36,25.2
0,0,situps,4,"[1, 1, 1, 1]",6.82,4,6
0,0,plank_seconds,4,"[48, 47, 46, 45]",10,186,55.8
1,0,pushups,4,"[5, 3, 1, 1]",8.19,10,10
1,0,squats,4,"[8, 6, 6, 5]",10,25,17.5
1,0,situps,4,"[1, 1, 1, 1]",7.1,4,6
1,0,plank_seconds,4,"[36, 35, 33, 33]",10,137,41.1
1,0,pushups,4,"[4, 2, 2, 1]",8.19,9,9
1,0,squats,4,"[7, 7, 6, 5]",10,25,17.5
1,0,situps,4,"[2, 1, 1, 1]",7.1,5,7.5
1,0,plank_seconds,4,"[36, 35, 35, 33]",10,139,41.7
1,0,pushups,4,"[4, 3, 2, 1]",8.19,10,10
1,0,squats,4,"[8, 6, 5, 4]",10,23,16.1
1,0,situps,4,"[2, 2, 1, 1]",7.1,6,9
1,0,plank_seconds,4,"[35, 34, 34, 33]",10,136,40.8
2,0,pushups,4,"[15, 15, 13, 13]",8.29,56,56
2,0,squats,4,"[33, 31, 32, 30]",10,126,88.2
2,0,situps,4,"[6, 7, 5, 5]",7.14,23,34.5
2,0,plank_seconds,4,"[138, 137, 137, 136]",10,548,164.4
2,0,pushups,4,"[15, 14, 13, 12]",8.29,54,54
2,0,squats,4,"[33, 32, 30, 30]",10,125,87.5
2,0,situps,4,"[9, 7, 5, 4]",7.14,25,37.5
2,0,plank_seconds,4,"[139, 137, 137, 136]",10,549,164.7
3,0,pushups,4,"[5, 3, 3, 2]",8.39,13,13
3,0,squats,4,"[11, 11, 9, 8]",10,39,27.3
3,0,situps,4,"[3, 2, 1, 1]",7.19,7,10.5
3,0,plank_seconds,4,"[50, 48, 48, 47]",10,193,57.9
3,0,pushups,4,"[5, 5, 3, 3]",8.39,16,16
3,0,squats,4,"[12, 11, 9, 10]",10,42,29.4
3,0,situps,4,"[2, 1, 1, 1]",7.19,5,7.5
3,0,plank_seconds,4,"[49, 48, 47, 46]",10,190,57
3,0,pushups,4,"[6, 5, 3, 3]",8.39,17,17
3,0,squats,4,"[12, 11, 10, 8]",10,41,28.7
3,0,situps,4,"[2, 2, 1, 1]",7.19,6,9
3,0,plank_seconds,4,"[50, 49, 47, 47]",10,193,57.9
4,0,pushups,4,"[11, 11, 10, 9]",8.31,41,41
4,0,squats,4,"[24, 23, 22, 20]",10,89,62.3
4,0,situps,4,"[6, 4, 4, 3]",7.15,17,25.5
4,0,plank_seconds,4,"[102, 103, 100, 99]",10,404,121.2
4,0,pushups,4,"[12, 11, 10, 9]",8.31,42,42
4,0,squats,4,"[23, 22, 22, 20]",10,87,60.9
4,0,situps,4,"[6, 4, 3, 2]",7.15,15,22.5
4,0,plank_seconds,4,"[103, 101, 100, 100]",10,404,121.2
4,0,pushups,4,"[12, 10, 9, 9]",8.31,40,40
4,0,squats,4,"[23, 22, 21, 20]",10,86,60.2
4,0,situps,4,"[6, 5, 4, 2]",7.15,17,25.5
4,0,plank_seconds,4,"[102, 101, 100, 99]",10,402,120.6
5,0,pushups,4,"[5, 5, 4, 2]",8.31,16,16
5,0,squats,4,"[12, 11, 9, 9]",10,41,28.7
5,0,situps,4,"[3, 2, 1, 1]",7.16,7,10.5
5,0,plank_seconds,4,"[51, 50, 49, 49]",10,199,59.7
5,0,pushups,4,"[5, 5, 4, 4]",8.31,18,18
5,0,squats,4,"[11, 10, 9, 7]",10,37,25.9
5,0,situps,4,"[2, 1, 1, 1]",7.16,5,7.5
5,0,plank_seconds,4,"[51, 50, 48, 47]",10,196,58.8
5,0,pushups,4,"[6, 4, 4, 3]",8.31,17,17
5,0,squats,4,"[11, 10, 10, 8]",10,39,27.3
5,0,situps,4,"[3, 1, 1, 1]",7.16,6,9
5,0,plank_seconds,4,"[51, 49, 49, 47]",10,196,58.8
6,0,pushups,4,"[14, 13, 12, 10]",8.26,49,49
6,0,squats,4,"[28, 28, 27, 25]",10,108,75.6
6,0,situps,4,"[7, 6, 5, 4]",7.13,22,33
6,0,plank_seconds,4,"[124, 122, 120, 120]",10,486,145.8
6,0,pushups,4,"[14, 13, 11, 11]",8.26,49,49
6,0,squats,4,"[29, 27, 26, 24]",10,106,74.2
6,0,situps,4,"[6, 6, 5, 4]",7.13,21,31.5
6,0,plank_seconds,4,"[123, 121, 120, 119]",10,483,144.9
6,0,pushups,4,"[14, 12, 10, 10]",8.26,46,46
6,0,squats,4,"[28, 28, 27, 25]",10,108,75.6
6,0,situps,4,"[6, 5, 4, 4]",7.13,19,28.5
6,0,plank_seconds,4,"[122, 122, 120, 119]",10,483,144.9
7,0,pushups,4,"[5, 4, 3, 3]",8.19,15,15
7,0,squats,4,"[13, 11, 11, 9]",10,44,30.8
7,0,situps,4,"[2, 2, 1, 1]",7.09,6,9
7,0,plank_seconds,4,"[53, 52, 50, 50]",10,205,61.5
7,0,pushups,4,"[6, 5, 3, 3]",8.19,17,17
7,0,squats,4,"[13, 13, 11, 9]",10,46,32.2
7,0,situps,4,"[2, 1, 1, 1]",7.09,5,7.5
7,0,plank_seconds,4,"[53, 52, 51, 51]",10,207,62.1
7,0,pushups,4,"[6, 4, 4, 3]",8.19,17,17
7,0,squats,4,"[12, 12, 11, 9]",10,44,30.8
7,0,situps,4,"[2, 1, 1, 1]",7.09,5,7.5
7,0,plank_seconds,4,"[54, 52, 52, 50]",10,208,62.4
8,0,pushups,4,"[4, 3, 3, 1]",8.28,11,11
8,0,squats,4,"[10, 8, 7, 6]",10,31,21.7
8,0,situps,4,"[1, 1, 1, 1]",6.91,4,6
8,0,plank_seconds,4,"[43, 42, 40, 40]",10,165,49.5
8,0,pushups,4,"[4, 4, 2, 1]",8.28,11,11
8,0,squats,4,"[9, 9, 8, 6]",10,32,22.4
8,0,situps,4,"[2, 1, 1, 1]",6.91,5,7.5
8,0,plank_seconds,4,"[42, 42, 40, 39]",10,163,48.9
9,0,pushups,4,"[15, 15, 13, 13]",8.34,56,56
9,0,squats,4,"[32, 29, 29, 29]",10,119,83.3
9,0,situps,4,"[7, 7, 5, 5]",7.17,24,36
9,0,plank_seconds,4,"[135, 135, 134, 133]",10,537,161.1
9,0,pushups,4,"[15, 14, 13, 13]",8.34,55,55
9,0,squats,4,"[31, 31, 31, 29]",10,122,85.4
9,0,situps,4,"[7, 7, 5, 3]",7.17,22,33
9,0,plank_seconds,4,"[135, 134, 133, 133]",10,535,160.5
9,0,pushups,4,"[16, 15, 13, 13]",8.34,57,57
9,0,squats,4,"[30, 31, 30, 28]",10,119,83.3
9,0,situps,4,"[8, 7, 5, 5]",7.17,25,37.5
9,0,plank_seconds,4,"[137, 135, 134, 132]",10,538,161.4
10,0,pushups,4,"[4, 2, 2, 1]",8.04,9,9
10,0,squats,4,"[9, 8, 7, 5]",10,29,20.3
10,0,situps,4,"[1, 1, 1, 1]",7.02,4,6
10,0,plank_seconds,4,"[39, 37, 37, 36]",10,149,44.7
10,0,pushups,4,"[4, 3, 1, 1]",8.04,9,9
10,0,squats,4,"[8, 8, 7, 5]",10,28,19.6
10,0,situps,4,"[2, 1, 1, 1]",7.02,5,7.5
10,0,plank_seconds,4,"[39, 38, 37, 36]",10,150,45
10,0,pushups,4,"[3, 3, 2, 1]",8.04,9,9
10,0,squats,4,"[9, 7, 6, 5]",10,27,18.9
10,0,situps,4,"[2, 1, 1, 1]",7.02,5,7.5
10,0,plank_seconds,4,"[38, 37, 36, 35]",10,146,43.8
11,0,pushups,4,"[5, 3, 2, 1]",8.19,11,11
11,0,squats,4,"[10, 8, 7, 6]",10,31,21.7
11,0,situps,4,"[1, 1, 1, 1]",6.87,4,6
11,0,plank_seconds,4,"[45, 44, 43, 41]",10,173,51.9
11,0,pushups,4,"[4, 5, 3, 2]",8.19,14,14
11,0,squats,4,"[9, 9, 7, 6]",10,31,21.7
11,0,situps,4,"[1, 1, 1, 1]",6.87,4,6
11,0,plank_seconds,4,"[45, 43, 43, 40]",10,171,51.3
12,0,pushups,4,"[11, 8, 8, 7]",8.33,34,34
12,0,squats,4,"[21, 20, 19, 19]",10,79,55.3
12,0,situps,4,"[5, 4, 3, 1]",7.06,13,19.5
12,0,plank_seconds,4,"[93, 93, 91, 91]",10,368,110.4
12,0,pushups,4,"[10, 9, 9, 8]",8.33,36,36
12,0,squats,4,"[21, 21, 19, 19]",10,80,56
12,0,situps,4,"[5, 3, 3, 1]",7.06,12,18
12,0,plank_seconds,4,"[94, 92, 91, 91]",10,368,110.4
13,0,pushups,4,"[2, 1, 1, 1]",8,5,5
13,0,squats,4,"[7, 4, 5, 4]",10,20,14
13,0,situps,4,"[1, 1, 1, 1]",6.67,4,6
13,0,plank_seconds,4,"[29, 28, 27, 25]",10,109,32.7
13,0,pushups,4,"[2, 2, 1, 1]",8,6,6
13,0,squats,4,"[7, 6, 4, 4]",10,21,14.7
13,0,situps,4,"[1, 1, 1, 1]",6.67,4,6
13,0,plank_seconds,4,"[28, 28, 26, 26]",10,108,32.4
13,0,pushups,4,"[3, 2, 1, 1]",8,7,7
13,0,squats,4,"[7, 5, 4, 3]",10,19,13.3
13,0,situps,4,"[1, 1, 1, 1]",6.67,4,6
13,0,plank_seconds,4,"[28, 27, 26, 25]",10,106,31.8
14,0,pushups,4,"[9, 9, 7, 8]",8.31,33,33
14,0,squats,4,"[20, 19, 17, 17]",10,73,51.1
14,0,situps,4,"[4, 4, 4, 1]",7.15,13,19.5
14,0,plank_seconds,4,"[86, 84, 83, 83]",10,336,100.8
14,0,pushups,4,"[9, 9, 8, 6]",8.31,32,32
14,0,squats,4,"[20, 19, 18, 16]",10,73,51.1
14,0,situps,4,"[4, 3, 2, 2]",7.15,11,16.5
14,0,plank_seconds,4,"[86, 84, 84, 83]",10,337,101.1
14,0,pushups,4,"[10, 9, 8, 7]",8.31,34,34
14,0,squats,4,"[19, 18, 18, 17]",10,72,50.4
14,0,situps,4,"[5, 3, 2, 2]",7.15,12,18
14,0,plank_seconds,4,"[85, 85, 84, 83]",10,337,101.1
15,0,pushups,4,"[2, 2, 1, 1]",7.81,6,6
15,0,squats,4,"[6, 6, 4, 4]",10,20,14
15,0,situps,4,"[1, 1, 1, 1]",6.6,4,6
15,0,plank_seconds,4,"[33, 32, 30, 30]",10,125,37.5
15,0,pushups,4,"[3, 2, 1, 1]",7.81,7,7
15,0,squats,4,"[7, 7, 4, 3]",10,21,14.7
15,0,situps,4,"[1, 1, 1, 1]",6.6,4,6
15,0,plank_seconds,4,"[32, 31, 30, 29]",10,122,36.6
15,0,pushups,4,"[2, 1, 1, 1]",7.81,5,5
15,0,squats,4,"[6, 6, 4, 3]",10,19,13.3
15,0,situps,4,"[1, 1, 1, 1]",6.6,4,6
15,0,plank_seconds,4,"[33, 32, 32, 29]",10,126,37.8
16,0,pushups,4,"[4, 3, 2, 2]",8.33,11,11
16,0,squats,4,"[10, 8, 7, 7]",10,32,22.4
16,0,situps,4,"[1, 1, 1, 1]",6.93,4,6
16,0,plank_seconds,4,"[42, 41, 39, 38]",10,160,48
16,0,pushups,4,"[5, 4, 3, 3]",8.33,15,15
16,0,squats,4,"[9, 8, 7, 6]",10,30,21
16,0,situps,4,"[1, 1, 1, 1]",6.93,4,6
16,0,plank_seconds,4,"[41, 41, 41, 38]",10,161,48.3
16,0,pushups,4,"[4, 4, 3, 2]",8.33,13,13
16,0,squats,4,"[10, 8, 8, 7]",10,33,23.1
16,0,situps,4,"[2, 1, 1, 1]",6.93,5,7.5
16,0,plank_seconds,4,"[42, 41, 39, 39]",10,161,48.3
17,0,pushups,4,"[7, 7, 5, 5]",8.38,24,24
17,0,squats,4,"[16, 15, 14, 12]",10,57,39.9
17,0,situps,4,"[4, 3, 3, 1]",7.19,11,16.5
17,0,plank_seconds,4,"[67, 66, 65, 63]",10,261,78.3
17,0,pushups,4,"[8, 7, 6, 4]",8.38,25,25
17,0,squats,4,"[16, 15, 13, 13]",10,57,39.9
17,0,situps,4,"[3, 3, 1, 1]",7.19,8,12
17,0,plank_seconds,4,"[67, 66, 64, 63]",10,260,78
18,0,pushups,4,"[8, 6, 7, 5]",8.31,26,26
18,0,squats,4,"[17, 17, 16, 14]",10,64,44.8
18,0,situps,4,"[3, 3, 2, 1]",7.03,9,13.5
18,0,plank_seconds,4,"[77, 75, 74, 73]",10,299,89.7
18,0,pushups,4,"[8, 8, 6, 6]",8.31,28,28
18,0,squats,4,"[17, 17, 15, 15]",10,64,44.8
18,0,situps,4,"[4, 3, 2, 1]",7.03,10,15
18,0,plank_seconds,4,"[77, 76, 75, 74]",10,302,90.6
18,0,pushups,4,"[8, 8, 6, 6]",8.31,28,28
18,0,squats,4,"[17, 16, 16, 14]",10,63,44.1
18,0,situps,4,"[4, 2, 1, 1]",7.03,8,12
18,0,plank_seconds,4,"[76, 74, 74, 74]",10,298,89.4
19,0,pushups,4,"[3, 1, 1, 1]",8.23,6,6
19,0,squats,4,"[5, 5, 4, 2]",10,16,11.2
19,0,situps,4,"[1, 1, 1, 1]",6.74,4,6
19,0,plank_seconds,4,"[25, 24, 23, 23]",10,95,28.5
19,0,pushups,4,"[3, 1, 1, 1]",8.23,6,6
19,0,squats,4,"[6, 5, 3, 3]",10,17,11.9
19,0,situps,4,"[1, 1, 1, 1]",6.74,4,6
19,0,plank_seconds,4,"[25, 25, 24, 24]",10,98,29.4
19,0,pushups,4,"[2, 2, 1, 1]",8.23,6,6
19,0,squats,4,"[5, 4, 4, 3]",10,16,11.2
19,0,situps,4,"[1, 1, 1, 1]",6.74,4,6
19,0,plank_seconds,4,"[26, 25, 24, 23]",10,98,29.4
20,0,pushups,4,"[2, 1, 1, 1]",8.17,5,5
20,0,squats,4,"[5, 5, 3, 2]",10,15,10.5
20,0,situps,4,"[1, 1, 1, 1]",6.72,4,6
20,0,plank_seconds,4,"[27, 25, 24, 24]",10,100,30
20,0,pushups,4,"[3, 1, 1, 1]",8.17,6,6
20,0,squats,4,"[5, 5, 4, 3]",10,17,11.9
20,0,situps,4,"[1, 1, 1, 1]",6.72,4,6
20,0,plank_seconds,4,"[27, 25, 25, 22]",10,99,29.7
21,0,pushups,4,"[8, 7, 6, 5]",8.19,26,26
21,0,squats,4,"[19, 17, 17, 15]",10,68,47.6
21,0,situps,4,"[4, 3, 1, 1]",6.97,9,13.5
21,0,plank_seconds,4,"[81, 80, 79, 79]",10,319,95.7
21,0,pushups,4,"[9, 7, 6, 5]",8.19,27,27
21,0,squats,4,"[20, 18, 17, 16]",10,71,49.7
21,0,situps,4,"[4, 2, 1, 1]",6.97,8,12
21,0,plank_seconds,4,"[81, 81, 80, 79]",10,321,96.3
21,0,pushups,4,"[8, 8, 6, 6]",8.19,28,28
21,0,squats,4,"[19, 18, 15, 17]",10,69,48.3
21,0,situps,4,"[3, 3, 1, 1]",6.97,8,12
21,0,plank_seconds,4,"[81, 80, 80, 78]",10,319,95.7
22,0,pushups,4,"[6, 5, 4, 3]",8.4,18,18
22,0,squats,4,"[13, 10, 10, 9]",10,42,29.4
22,0,situps,4,"[3, 2, 1, 1]",7.2,7,10.5
22,0,plank_seconds,4,"[50, 48, 48, 46]",10,192,57.6
22,0,pushups,4,"[5, 5, 4, 3]",8.4,17,17
22,0,squats,4,"[12, 11, 9, 9]",10,41,28.7
22,0,situps,4,"[3, 1, 1, 1]",7.2,6,9
22,0,plank_seconds,4,"[49, 49, 47, 47]",10,192,57.6
22,0,pushups,4,"[5, 5, 3, 2]",8.4,15,15
22,0,squats,4,"[12, 10, 9, 7]",10,38,26.6
22,0,situps,4,"[2, 1, 1, 1]",7.2,5,7.5
22,0,plank_seconds,4,"[49, 50, 48, 46]",10,193,57.9
23,0,pushups,4,"[8, 5, 4, 4]",8.38,21,21
23,0,squats,4,"[15, 13, 12, 11]",10,51,35.7
23,0,situps,4,"[3, 2, 1, 1]",7.02,7,10.5
23,0,plank_seconds,4,"[57, 56, 55, 54]",10,222,66.6
23,0,pushups,4,"[6, 5, 4, 4]",8.38,19,19
23,0,squats,4,"[14, 13, 11, 10]",10,48,33.6
23,0,situps,4,"[3, 1, 1, 1]",7.02,6,9
23,0,plank_seconds,4,"[57, 57, 55, 54]",10,223,66.9
24,0,pushups,4,"[3, 3, 1, 1]",8.05,8,8
24,0,squats,4,"[9, 8, 7, 5]",10,29,20.3
24,0,situps,4,"[2, 1, 1, 1]",7.03,5,7.5
24,0,plank_seconds,4,"[37, 36, 35, 35]",10,143,42.9
24,0,pushups,4,"[3, 2, 1, 1]",8.05,7,7
24,0,squats,4,"[8, 8, 6, 6]",10,28,19.6
24,0,situps,4,"[1, 2, 1, 1]",7.03,5,7.5
24,0,plank_seconds,4,"[38, 37, 35, 34]",10,144,43.2
25,0,pushups,4,"[8, 8, 8, 5]",8.29,29,29
25,0,squats,4,"[17, 16, 17, 14]",10,64,44.8
25,0,situps,4,"[4, 3, 1, 1]",7.02,9,13.5
25,0,plank_seconds,4,"[78, 76, 75, 74]",10,303,90.9
25,0,pushups,4,"[8, 7, 6, 6]",8.29,27,27
25,0,squats,4,"[17, 17, 15, 15]",10,64,44.8
25,0,situps,4,"[4, 2, 2, 1]",7.02,9,13.5
25,0,plank_seconds,4,"[77, 77, 76, 74]",10,304,91.2
26,0,pushups,4,"[6, 5, 4, 2]",8.34,17,17
26,0,squats,4,"[12, 10, 9, 8]",10,39,27.3
26,0,situps,4,"[2, 2, 1, 1]",7.17,6,9
26,0,plank_seconds,4,"[50, 49, 49, 48]",10,196,58.8
26,0,pushups,4,"[7, 5, 4, 2]",8.34,18,18
26,0,squats,4,"[12, 10, 10, 9]",10,41,28.7
26,0,situps,4,"[2, 1, 1, 1]",7.17,5,7.5
26,0,plank_seconds,4,"[50, 48, 49, 49]",10,196,58.8
26,0,pushups,4,"[5, 5, 4, 2]",8.34,16,16
26,0,squats,4,"[12, 10, 10, 9]",10,41,28.7
26,0,situps,4,"[2, 2, 1, 1]",7.17,6,9
26,0,plank_seconds,4,"[51, 49, 49, 47]",10,196,58.8
27,0,pushups,4,"[8, 6, 6, 5]",8.22,25,25
27,0,squats,4,"[17, 16, 14, 13]",10,60,42
27,0,situps,4,"[3, 2, 1, 1]",7.11,7,10.5
27,0,plank_seconds,4,"[72, 70, 70, 69]",10,281,84.3
27,0,pushups,4,"[7, 6, 5, 4]",8.22,22,22
27,0,squats,4,"[17, 16, 15, 13]",10,61,42.7
27,0,situps,4,"[4, 3, 1, 1]",7.11,9,13.5
27,0,plank_seconds,4,"[71, 70, 70, 69]",10,280,84
28,0,pushups,4,"[4, 3, 2, 1]",7.96,10,10
28,0,squats,4,"[7, 8, 6, 5]",10,26,18.2
28,0,situps,4,"[1, 1, 1, 1]",6.98,4,6
28,0,plank_seconds,4,"[39, 37, 37, 37]",10,150,45
28,0,pushups,4,"[3, 3, 1, 1]",7.96,8,8
28,0,squats,4,"[9, 7, 7, 5]",10,28,19.6
28,0,situps,4,"[1, 1, 1, 1]",6.98,4,6
28,0,plank_seconds,4,"[39, 39, 37, 36]",10,151,45.3
29,0,pushups,4,"[3, 2, 2, 1]",8.12,8,8
29,0,squats,4,"[9, 8, 6, 7]",10,30,21
29,0,situps,4,"[1, 1, 1, 1]",7.06,4,6
29,0,plank_seconds,4,"[37, 36, 34, 34]",10,141,42.3
29,0,pushups,4,"[3, 4, 2, 1]",8.12,10,10
29,0,squats,4,"[9, 7, 6, 6]",10,28,19.6
29,0,situps,4,"[1, 1, 1, 1]",7.06,4,6
29,0,plank_seconds,4,"[37, 36, 34, 33]",10,140,42
29,0,pushups,4,"[4, 2, 1, 1]",8.12,8,8
29,0,squats,4,"[9, 8, 8, 5]",10,30,21
29,0,situps,4,"[2, 1, 1, 1]",7.06,5,7.5
29,0,plank_seconds,4,"[37, 36, 35, 33]",10,141,42.3
0,1,pushups,4,"[4, 3, 4, 1]",8.05,12,12
0,1,squats,4,"[10, 9, 9, 8]",10,36,25.2
0,1,situps,4,"[2, 1, 1, 1]",6.82,5,7.5
0,1,plank_seconds,4,"[47, 47, 46, 45]",10,185,55.5
0,1,pushups,4,"[5, 4, 3, 1]",8.05,13,13
0,1,squats,4,"[11, 9, 8, 8]",10,36,25.2
0,1,situps,4,"[2, 1, 1, 1]",6.82,5,7.5
0,1,plank_seconds,4,"[48, 48, 46, 44]",10,186,55.8
0,1,pushups,4,"[5, 4, 3, 2]",8.05,14,14
0,1,squats,4,"[10, 9, 8, 7]",10,34,23.8
0,1,situps,4,"[1, 1, 1, 1]",6.82,4,6
0,1,plank_seconds,4,"[47, 47, 46, 44]",10,184,55.2
1,1,pushups,4,"[4, 2, 2, 1]",8.19,9,9
1,1,squats,4,"[8, 6, 5, 5]",10,24,16.8
1,1,situps,4,"[1, 1, 1, 1]",7.1,4,6
1,1,plank_seconds,4,"[36, 34, 33, 32]",10,135,40.5
1,1,pushups,4,"[4, 2, 3, 1]",8.19,10,10
1,1,squats,4,"[8, 7, 7, 6]",10,28,19.6
1,1,situps,4,"[2, 1, 1, 1]",7.1,5,7.5
1,1,plank_seconds,4,"[35, 34, 33, 32]",10,134,40.2
1,1,pushups,4,"[3, 3, 2, 1]",8.19,9,9
1,1,squats,4,"[8, 6, 5, 4]",10,23,16.1
1,1,situps,4,"[1, 1, 1, 1]",7.1,4,6
1,1,plank_seconds,4,"[36, 34, 34, 33]",10,137,41.1
2,1,pushups,4,"[15, 14, 13, 13]",8.29,55,55
2,1,squats,4,"[33, 32, 30, 29]",10,124,86.8
2,1,situps,4,"[8, 6, 6, 4]",7.14,24,36
2,1,plank_seconds,4,"[138, 137, 137, 135]",10,547,164.1
3,1,pushups,4,"[4, 4, 4, 3]",8.39,15,15
3,1,squats,4,"[11, 10, 10, 8]",10,39,27.3
3,1,situps,4,"[3, 2, 1, 1]",7.19,7,10.5
3,1,plank_seconds,4,"[49, 48, 47, 46]",10,190,57
3,1,pushups,4,"[6, 5, 3, 3]",8.39,17,17
3,1,squats,4,"[11, 10, 9, 7]",10,37,25.9
3,1,situps,4,"[3, 2, 1, 1]",7.19,7,10.5
3,1,plank_seconds,4,"[50, 48, 47, 47]",10,192,57.6
4,1,pushups,4,"[12, 10, 10, 8]",8.31,40,40
4,1,squats,4,"[23, 23, 21, 20]",10,87,60.9
4,1,situps,4,"[6, 5, 3, 3]",7.15,17,25.5
4,1,plank_seconds,4,"[103, 102, 101, 99]",10,405,121.5
4,1,pushups,4,"[11, 11, 9, 7]",8.31,38,38
4,1,squats,4,"[24, 23, 20, 20]",10,87,60.9
4,1,situps,4,"[6, 6, 4, 2]",7.15,18,27
4,1,plank_seconds,4,"[102, 102, 100, 99]",10,403,120.9
4,1,pushups,4,"[11, 10, 10, 9]",8.31,40,40
4,1,squats,4,"[24, 22, 21, 20]",10,87,60.9
4,1,situps,4,"[6, 4, 3, 4]",7.15,17,25.5
4,1,plank_seconds,4,"[103, 101, 100, 100]",10,404,121.2
5,1,pushups,4,"[5, 5, 3, 3]",8.31,16,16
5,1,squats,4,"[12, 10, 10, 9]",10,41,28.7
5,1,situps,4,"[3, 2, 1, 1]",7.16,7,10.5
5,1,plank_seconds,4,"[51, 49, 48, 47]",10,195,58.5
5,1,pushups,4,"[6, 6, 3, 3]",8.31,18,18
5,1,squats,4,"[12, 10, 10, 8]",10,40,28
5,1,situps,4,"[3, 1, 1, 1]",7.16,6,9
5,1,plank_seconds,4,"[52, 50, 49, 48]",10,199,59.7
5,1,pushups,4,"[5, 5, 3, 3]",8.31,16,16
5,1,squats,4,"[12, 10, 10, 9]",10,41,28.7
5,1,situps,4,"[2, 1, 1, 1]",7.16,5,7.5
5,1,plank_seconds,4,"[50, 49, 48, 48]",10,195,58.5
6,1,pushups,4,"[13, 12, 11, 10]",8.26,46,46
6,1,squats,4,"[29, 27, 27, 26]",10,109,76.3
6,1,situps,4,"[7, 5, 5, 3]",7.13,20,30
6,1,plank_seconds,4,"[122, 122, 120, 120]",10,484,145.2
7,1,pushups,4,"[6, 5, 3, 3]",8.19,17,17
7,1,squats,4,"[12, 12, 10, 10]",10,44,30.8
7,1,situps,4,"[3, 1, 1, 1]",7.09,6,9
7,1,plank_seconds,4,"[54, 53, 52, 51]",10,210,63
7,1,pushups,4,"[6, 5, 3, 3]",8.19,17,17
7,1,squats,4,"[13, 11, 10, 10]",10,44,30.8
7,1,situps,4,"[2, 1, 1, 1]",7.09,5,7.5
7,1,plank_seconds,4,"[53, 53, 52, 51]",10,209,62.7
7,1,pushups,4,"[5, 5, 3, 3]",8.19,16,16
7,1,squats,4,"[13, 11, 11, 9]",10,44,30.8
7,1,situps,4,"[3, 2, 1, 1]",7.09,7,10.5
7,1,plank_seconds,4,"[53, 52, 51, 51]",10,207,62.1
8,1,pushups,4,"[4, 3, 3, 2]",8.28,12,12
8,1,squats,4,"[9, 8, 8, 7]",10,32,22.4
8,1,situps,4,"[1, 1, 1, 1]",6.91,4,6
8,1,plank_seconds,4,"[43, 42, 39, 40]",10,164,49.2
9,1,pushups,4,"[15, 15, 14, 12]",8.34,56,56
9,1,squats,4,"[32, 31, 30, 29]",10,122,85.4
9,1,situps,4,"[8, 7, 5, 4]",7.17,24,36
9,1,plank_seconds,4,"[135, 136, 133, 133]",10,537,161.1
9,1,pushups,4,"[16, 15, 14, 12]",8.34,57,57
9,1,squats,4,"[32, 30, 29, 28]",10,119,83.3
9,1,situps,4,"[7, 6, 5, 4]",7.17,22,33
9,1,plank_seconds,4,"[135, 134, 134, 133]",10,536,160.8
9,1,pushups,4,"[15, 14, 13, 13]",8.34,55,55
9,1,squats,4,"[32, 30, 30, 28]",10,120,84
9,1,situps,4,"[8, 7, 5, 4]",7.17,24,36
9,1,plank_seconds,4,"[135, 135, 134, 133]",10,537,161.1
10,1,pushups,4,"[3, 2, 1, 1]",8.04,7,7
10,1,squats,4,"[9, 8, 6, 6]",10,29,20.3
10,1,situps,4,"[1, 1, 1, 1]",7.02,4,6
10,1,plank_seconds,4,"[38, 37, 35, 35]",10,145,43.5
10,1,pushups,4,"[3, 2, 1, 1]",8.04,7,7
10,1,squats,4,"[8, 7, 7, 6]",10,28,19.6
10,1,situps,4,"[1, 1, 1, 1]",7.02,4,6
10,1,plank_seconds,4,"[39, 38, 37, 36]",10,150,45
10,1,pushups,4,"[3, 3, 1, 1]",8.04,8,8
10,1,squats,4,"[8, 7, 6, 5]",10,26,18.2
10,1,situps,4,"[1, 1, 1, 1]",7.02,4,6
10,1,plank_seconds,4,"[39, 37, 37, 36]",10,149,44.7
11,1,pushups,4,"[5, 3, 3, 2]",8.19,13,13
11,1,squats,4,"[9, 9, 7, 7]",10,32,22.4
11,1,situps,4,"[2, 1, 1, 1]",6.87,5,7.5
11,1,plank_seconds,4,"[44, 44, 42, 42]",10,172,51.6
11,1,pushups,4,"[5, 3, 2, 1]",8.19,11,11
11,1,squats,4,"[9, 8, 8, 7]",10,32,22.4
11,1,situps,4,"[2, 1, 1, 1]",6.87,5,7.5
11,1,plank_seconds,4,"[44, 44, 43, 41]",10,172,51.6
11,1,pushups,4,"[4, 3, 3, 1]",8.19,11,11
11,1,squats,4,"[10, 8, 7, 7]",10,32,22.4
11,1,situps,4,"[2, 1, 1, 1]",6.87,5,7.5
11,1,plank_seconds,4,"[44, 43, 43, 42]",10,172,51.6
12,1,pushups,4,"[11, 9, 9, 8]",8.33,37,37
12,1,squats,4,"[21, 21, 19, 18]",10,79,55.3
12,1,situps,4,"[4, 4, 3, 3]",7.06,14,21
12,1,plank_seconds,4,"[94, 93, 91, 90]",10,368,110.4
13,1,pushups,4,"[2, 1, 1, 1]",8,5,5
13,1,squats,4,"[7, 5, 5, 5]",10,22,15.4
13,1,situps,4,"[1, 1, 1, 1]",6.67,4,6
13,1,plank_seconds,4,"[29, 27, 27, 25]",10,108,32.4
13,1,pushups,4,"[2, 3, 1, 1]",8,7,7
13,1,squats,4,"[7, 6, 5, 4]",10,22,15.4
13,1,situps,4,"[1, 1, 1, 1]",6.67,4,6
13,1,plank_seconds,4,"[28, 28, 26, 26]",10,108,32.4
13,1,pushups,4,"[2, 1, 1, 1]",8,5,5
13,1,squats,4,"[6, 5, 5, 2]",10,18,12.6
13,1,situps,4,"[2, 1, 1, 1]",6.67,5,7.5
13,1,plank_seconds,4,"[29, 28, 27, 26]",10,110,33
14,1,pushups,4,"[9, 8, 7, 7]",8.31,31,31
14,1,squats,4,"[20, 17, 18, 17]",10,72,50.4
14,1,situps,4,"[4, 3, 3, 2]",7.15,12,18
14,1,plank_seconds,4,"[85, 85, 83, 82]",10,335,100.5
15,1,pushups,4,"[3, 2, 1, 1]",7.81,7,7
15,1,squats,4,"[7, 5, 5, 4]",10,21,14.7
15,1,situps,4,"[1, 1, 1, 1]",6.6,4,6
15,1,plank_seconds,4,"[33, 31, 30, 29]",10,123,36.9
15,1,pushups,4,"[2, 1, 1, 1]",7.81,5,5
15,1,squats,4,"[6, 5, 5, 4]",10,20,14
15,1,situps,4,"[1, 1, 1, 1]",6.6,4,6
15,1,plank_seconds,4,"[32, 31, 30, 30]",10,123,36.9
15,1,pushups,4,"[2, 1, 1, 1]",7.81,5,5
15,1,squats,4,"[6, 6, 5, 4]",10,21,14.7
15,1,situps,4,"[1, 1, 1, 1]",6.6,4,6
15,1,plank_seconds,4,"[33, 32, 30, 30]",10,125,37.5
16,1,pushups,4,"[5, 4, 3, 3]",8.33,15,15
16,1,squats,4,"[10, 8, 7, 6]",10,31,21.7
16,1,situps,4,"[1, 1, 1, 1]",6.93,4,6
16,1,plank_seconds,4,"[41, 41, 40, 38]",10,160,48
16,1,pushups,4,"[4, 4, 3, 1]",8.33,12,12
16,1,squats,4,"[9, 8, 7, 6]",10,30,21
16,1,situps,4,"[1, 1, 1, 1]",6.93,4,6
16,1,plank_seconds,4,"[42, 40, 40, 38]",10,160,48
16,1,pushups,4,"[5, 3, 1, 1]",8.33,10,10
16,1,squats,4,"[10, 9, 8, 7]",10,34,23.8
16,1,situps,4,"[2, 1, 1, 1]",6.93,5,7.5
16,1,plank_seconds,4,"[42, 41, 39, 38]",10,160,48
17,1,pushups,4,"[8, 6, 4, 4]",8.38,22,22
17,1,squats,4,"[15, 14, 13, 12]",10,54,37.8
17,1,situps,4,"[4, 3, 2, 1]",7.19,10,15
17,1,plank_seconds,4,"[66, 66, 64, 64]",10,260,78
17,1,pushups,4,"[7, 6, 6, 5]",8.38,24,24
17,1,squats,4,"[15, 14, 14, 12]",10,55,38.5
17,1,situps,4,"[4, 2, 2, 1]",7.19,9,13.5
17,1,plank_seconds,4,"[67, 65, 64, 64]",10,260,78
18,1,pushups,4,"[9, 7, 6, 5]",8.31,27,27
18,1,squats,4,"[16, 16, 17, 15]",10,64,44.8
18,1,situps,4,"[3, 2, 2, 1]",7.03,8,12
18,1,plank_seconds,4,"[76, 76, 75, 74]",10,301,90.3
18,1,pushups,4,"[9, 8, 7, 6]",8.31,30,30
18,1,squats,4,"[17, 16, 16, 15]",10,64,44.8
18,1,situps,4,"[3, 2, 2, 1]",7.03,8,12
18,1,plank_seconds,4,"[77, 76, 74, 74]",10,301,90.3
18,1,pushups,4,"[8, 7, 6, 5]",8.31,26,26
18,1,squats,4,"[17, 17, 16, 15]",10,65,45.5
18,1,situps,4,"[3, 2, 1, 1]",7.03,7,10.5
18,1,plank_seconds,4,"[77, 76, 74, 74]",10,301,90.3
19,1,pushups,4,"[3, 2, 1, 1]",8.23,7,7
19,1,squats,4,"[5, 4, 4, 3]",10,16,11.2
19,1,situps,4,"[1, 1, 1, 1]",6.74,4,6
19,1,plank_seconds,4,"[27, 24, 24, 24]",10,99,29.7
19,1,pushups,4,"[3, 1, 1, 1]",8.23,6,6
19,1,squats,4,"[6, 3, 4, 2]",10,15,10.5
19,1,situps,4,"[1, 1, 1, 1]",6.74,4,6
19,1,plank_seconds,4,"[26, 26, 23, 23]",10,98,29.4
19,1,pushups,4,"[2, 2, 1, 1]",8.23,6,6
19,1,squats,4,"[6, 5, 3, 3]",10,17,11.9
19,1,situps,4,"[1, 1, 1, 1]",6.74,4,6
19,1,plank_seconds,4,"[26, 24, 23, 22]",10,95,28.5
20,1,pushups,4,"[3, 1, 1, 1]",8.17,6,6
20,1,squats,4,"[5, 4, 5, 2]",10,16,11.2
20,1,situps,4,"[1, 1, 1, 1]",6.72,4,6
20,1,plank_seconds,4,"[26, 26, 25, 23]",10,100,30
20,1,pushups,4,"[2, 2, 1, 1]",8.17,6,6
20,1,squats,4,"[5, 5, 3, 3]",10,16,11.2
20,1,situps,4,"[1, 1, 1, 1]",6.72,4,6
20,1,plank_seconds,4,"[27, 26, 25, 23]",10,101,30.3
21,1,pushups,4,"[9, 7, 6, 5]",8.19,27,27
21,1,squats,4,"[19, 17, 17, 15]",10,68,47.6
21,1,situps,4,"[3, 2, 2, 1]",6.97,8,12
21,1,plank_seconds,4,"[81, 79, 80, 79]",10,319,95.7
21,1,pushups,4,"[9, 8, 6, 6]",8.19,29,29
21,1,squats,4,"[19, 17, 17, 15]",10,68,47.6
21,1,situps,4,"[3, 3, 1, 1]",6.97,8,12
21,1,plank_seconds,4,"[82, 80, 79, 79]",10,320,96
21,1,pushups,4,"[8, 8, 7, 5]",8.19,28,28
21,1,squats,4,"[18, 18, 16, 15]",10,67,46.9
21,1,situps,4,"[4, 3, 1, 1]",6.97,9,13.5
21,1,plank_seconds,4,"[82, 81, 80, 79]",10,322,96.6
22,1,pushups,4,"[5, 5, 4, 3]",8.4,17,17
22,1,squats,4,"[12, 10, 10, 8]",10,40,28
22,1,situps,4,"[2, 2, 1, 1]",7.2,6,9
22,1,plank_seconds,4,"[50, 48, 48, 47]",10,193,57.9
22,1,pushups,4,"[5, 5, 4, 3]",8.4,17,17
22,1,squats,4,"[12, 11, 10, 8]",10,41,28.7
22,1,situps,4,"[2, 1, 1, 1]",7.2,5,7.5
22,1,plank_seconds,4,"[50, 49, 47, 47]",10,193,57.9
22,1,pushups,4,"[5, 4, 4, 3]",8.4,16,16
22,1,squats,4,"[11, 10, 9, 8]",10,38,26.6
22,1,situps,4,"[3, 2, 1, 1]",7.2,7,10.5
22,1,plank_seconds,4,"[50, 48, 48, 47]",10,193,57.9
23,1,pushups,4,"[6, 4, 5, 3]",8.38,18,18
23,1,squats,4,"[13, 13, 11, 11]",10,48,33.6
23,1,situps,4,"[3, 2, 1, 1]",7.02,7,10.5
23,1,plank_seconds,4,"[58, 56, 56, 54]",10,224,67.2
23,1,pushups,4,"[7, 5, 4, 3]",8.38,19,19
23,1,squats,4,"[14, 12, 12, 10]",10,48,33.6
23,1,situps,4,"[2, 1, 1, 1]",7.02,5,7.5
23,1,plank_seconds,4,"[57, 57, 56, 55]",10,225,67.5
23,1,pushups,4,"[7, 5, 4, 3]",8.38,19,19
23,1,squats,4,"[14, 12, 11, 11]",10,48,33.6
23,1,situps,4,"[2, 2, 1, 1]",7.02,6,9
23,1,plank_seconds,4,"[57, 57, 56, 54]",10,224,67.2
24,1,pushups,4,"[3, 2, 1, 1]",8.05,7,7
24,1,squats,4,"[8, 7, 7, 6]",10,28,19.6
24,1,situps,4,"[1, 1, 1, 1]",7.03,4,6
24,1,plank_seconds,4,"[38, 37, 35, 35]",10,145,43.5
25,1,pushups,4,"[8, 8, 7, 5]",8.29,28,28
25,1,squats,4,"[17, 17, 16, 15]",10,65,45.5
25,1,situps,4,"[4, 3, 1, 1]",7.02,9,13.5
25,1,plank_seconds,4,"[78, 76, 75, 74]",10,303,90.9
25,1,pushups,4,"[9, 8, 6, 6]",8.29,29,29
25,1,squats,4,"[17, 17, 15, 14]",10,63,44.1
25,1,situps,4,"[3, 3, 1, 1]",7.02,8,12
25,1,plank_seconds,4,"[78, 76, 75, 75]",10,304,91.2
25,1,pushups,4,"[9, 7, 7, 5]",8.29,28,28
25,1,squats,4,"[18, 17, 15, 14]",10,64,44.8
25,1,situps,4,"[3, 2, 1, 1]",7.02,7,10.5
25,1,plank_seconds,4,"[77, 77, 76, 74]",10,304,91.2
26,1,pushups,4,"[6, 5, 4, 3]",8.34,18,18
26,1,squats,4,"[12, 10, 10, 9]",10,41,28.7
26,1,situps,4,"[2, 2, 1, 1]",7.17,6,9
26,1,plank_seconds,4,"[51, 51, 48, 47]",10,197,59.1
26,1,pushups,4,"[6, 5, 3, 3]",8.34,17,17
26,1,squats,4,"[11, 11, 9, 9]",10,40,28
26,1,situps,4,"[3, 1, 1, 1]",7.17,6,9
26,1,plank_seconds,4,"[50, 49, 49, 47]",10,195,58.5
27,1,pushups,4,"[7, 6, 6, 4]",8.22,23,23
27,1,squats,4,"[17, 15, 14, 14]",10,60,42
27,1,situps,4,"[4, 3, 2, 1]",7.11,10,15
27,1,plank_seconds,4,"[71, 70, 69, 70]",10,280,84
27,1,pushups,4,"[8, 6, 5, 5]",8.22,24,24
27,1,squats,4,"[17, 16, 14, 13]",10,60,42
27,1,situps,4,"[4, 3, 1, 1]",7.11,9,13.5
27,1,plank_seconds,4,"[71, 71, 71, 69]",10,282,84.6
27,1,pushups,4,"[7, 7, 6, 5]",8.22,25,25
27,1,squats,4,"[17, 17, 14, 14]",10,62,43.4
27,1,situps,4,"[3, 3, 1, 1]",7.11,8,12
27,1,plank_seconds,4,"[71, 71, 70, 68]",10,280,84
28,1,pushups,4,"[3, 2, 1, 1]",7.96,7,7
28,1,squats,4,"[10, 8, 6, 5]",10,29,20.3
28,1,situps,4,"[2, 2, 1, 1]",6.98,6,9
28,1,plank_seconds,4,"[40, 39, 37, 37]",10,153,45.9
28,1,pushups,4,"[2, 3, 2, 1]",7.96,8,8
28,1,squats,4,"[8, 8, 6, 6]",10,28,19.6
28,1,situps,4,"[1, 1, 1, 1]",6.98,4,6
28,1,plank_seconds,4,"[40, 38, 38, 36]",10,152,45.6
28,1,pushups,4,"[3, 2, 3, 1]",7.96,9,9
28,1,squats,4,"[9, 8, 7, 6]",10,30,21
28,1,situps,4,"[2, 1, 1, 1]",6.98,5,7.5
28,1,plank_seconds,4,"[40, 38, 37, 36]",10,151,45.3
29,1,pushups,4,"[3, 3, 1, 1]",8.12,8,8
29,1,squats,4,"[9, 8, 5, 5]",10,27,18.9
29,1,situps,4,"[2, 1, 1, 1]",7.06,5,7.5
29,1,plank_seconds,4,"[37, 35, 34, 33]",10,139,41.7
29,1,pushups,4,"[3, 2, 1, 1]",8.12,7,7
29,1,squats,4,"[9, 8, 6, 5]",10,28,19.6
29,1,situps,4,"[1, 1, 1, 1]",7.06,4,6
29,1,plank_seconds,4,"[37, 36, 35, 34]",10,142,42.6
29,1,pushups,4,"[4, 3, 2, 1]",8.12,10,10
29,1,squats,4,"[8, 8, 7, 5]",10,28,19.6
29,1,situps,4,"[1, 1, 1, 1]",7.06,4,6
29,1,plank_seconds,4,"[37, 36, 35, 34]",10,142,42.6
0,2,pushups,4,"[4, 4, 3, 1]",8.05,12,12
0,2,squats,4,"[10, 9, 8, 7]",10,34,23.8
0,2,situps,4,"[1, 1, 1, 1]",6.82,4,6
0,2,plank_seconds,4,"[47, 47, 46, 45]",10,185,55.5
0,2,pushups,4,"[4, 4, 2, 2]",8.05,12,12
0,2,squats,4,"[11, 10, 8, 7]",10,36,25.2
0,2,situps,4,"[2, 1, 1, 1]",6.82,5,7.5
0,2,plank_seconds,4,"[48, 46, 46, 45]",10,185,55.5
1,2,pushups,4,"[4, 3, 1, 1]",8.19,9,9
1,2,squats,4,"[7, 7, 5, 5]",10,24,16.8
1,2,situps,4,"[1, 1, 1, 1]",7.1,4,6
1,2,plank_seconds,4,"[36, 35, 34, 33]",10,138,41.4
1,2,pushups,4,"[3, 3, 2, 1]",8.19,9,9
1,2,squats,4,"[7, 6, 5, 5]",10,23,16.1
1,2,situps,4,"[2, 1, 1, 1]",7.1,5,7.5
1,2,plank_seconds,4,"[36, 35, 34, 34]",10,139,41.7
1,2,pushups,4,"[4, 3, 2, 1]",8.19,10,10
1,2,squats,4,"[8, 6, 6, 4]",10,24,16.8
1,2,situps,4,"[2, 1, 1, 1]",7.1,5,7.5
1,2,plank_seconds,4,"[34, 35, 34, 32]",10,135,40.5
2,2,pushups,4,"[16, 14, 13, 13]",8.29,56,56
2,2,squats,4,"[33, 32, 31, 30]",10,126,88.2
2,2,situps,4,"[7, 6, 6, 5]",7.14,24,36
2,2,plank_seconds,4,"[139, 137, 137, 135]",10,548,164.4
2,2,pushups,4,"[15, 15, 14, 13]",8.29,57,57
2,2,squats,4,"[33, 32, 31, 30]",10,126,88.2
2,2,situps,4,"[6, 6, 6, 4]",7.14,22,33
2,2,plank_seconds,4,"[139, 137, 137, 136]",10,549,164.7
3,2,pushups,4,"[5, 4, 3, 3]",8.39,15,15
3,2,squats,4,"[11, 10, 10, 9]",10,40,28
3,2,situps,4,"[2, 2, 1, 1]",7.19,6,9
3,2,plank_seconds,4,"[50, 48, 48, 46]",10,192,57.6
3,2,pushups,4,"[5, 4, 3, 2]",8.39,14,14
3,2,squats,4,"[11, 10, 9, 8]",10,38,26.6
3,2,situps,4,"[2, 1, 1, 1]",7.19,5,7.5
3,2,plank_seconds,4,"[49, 48, 47, 46]",10,190,57
3,2,pushups,4,"[5, 4, 3, 2]",8.39,14,14
3,2,squats,4,"[12, 11, 9, 8]",10,40,28
3,2,situps,4,"[2, 1, 1, 1]",7.19,5,7.5
3,2,plank_seconds,4,"[49, 48, 48, 47]",10,192,57.6
4,2,pushups,4,"[12, 10, 9, 8]",8.31,39,39
4,2,squats,4,"[23, 22, 22, 20]",10,87,60.9
4,2,situps,4,"[5, 4, 4, 2]",7.15,15,22.5
4,2,plank_seconds,4,"[103, 102, 101, 100]",10,406,121.8
4,2,pushups,4,"[12, 10, 9, 9]",8.31,40,40
4,2,squats,4,"[23, 22, 21, 21]",10,87,60.9
4,2,situps,4,"[6, 4, 4, 2]",7.15,16,24
4,2,plank_seconds,4,"[102, 101, 101, 99]",10,403,120.9
5,2,pushups,4,"[5, 5, 4, 4]",8.31,18,18
5,2,squats,4,"[11, 11, 9, 9]",10,40,28
5,2,situps,4,"[2, 2, 1, 1]",7.16,6,9
5,2,plank_seconds,4,"[50, 49, 48, 47]",10,194,58.2
5,2,pushups,4,"[6, 4, 4, 3]",8.31,17,17
5,2,squats,4,"[11, 10, 9, 9]",10,39,27.3
5,2,situps,4,"[3, 1, 1, 1]",7.16,6,9
5,2,plank_seconds,4,"[51, 50, 48, 47]",10,196,58.8
6,2,pushups,4,"[14, 13, 11, 11]",8.26,49,49
6,2,squats,4,"[27, 27, 26, 25]",10,105,73.5
6,2,situps,4,"[6, 5, 5, 3]",7.13,19,28.5
6,2,plank_seconds,4,"[121, 120, 120, 120]",10,481,144.3
7,2,pushups,4,"[5, 4, 4, 2]",8.19,15,15
7,2,squats,4,"[13, 12, 9, 10]",10,44,30.8
7,2,situps,4,"[3, 2, 2, 1]",7.09,8,12
7,2,plank_seconds,4,"[54, 52, 52, 50]",10,208,62.4
7,2,pushups,4,"[5, 4, 4, 2]",8.19,15,15
7,2,squats,4,"[13, 11, 10, 9]",10,43,30.1
7,2,situps,4,"[3, 1, 1, 1]",7.09,6,9
7,2,plank_seconds,4,"[54, 53, 52, 50]",10,209,62.7
8,2,pushups,4,"[5, 4, 2, 2]",8.28,13,13
8,2,squats,4,"[9, 8, 8, 7]",10,32,22.4
8,2,situps,4,"[1, 1, 1, 1]",6.91,4,6
8,2,plank_seconds,4,"[43, 41, 40, 40]",10,164,49.2
8,2,pushups,4,"[5, 4, 2, 1]",8.28,12,12
8,2,squats,4,"[9, 8, 8, 6]",10,31,21.7
8,2,situps,4,"[2, 1, 1, 1]",6.91,5,7.5
8,2,plank_seconds,4,"[43, 40, 40, 39]",10,162,48.6
8,2,pushups,4,"[5, 4, 3, 2]",8.28,14,14
8,2,squats,4,"[9, 9, 8, 6]",10,32,22.4
8,2,situps,4,"[2, 1, 1, 1]",6.91,5,7.5
8,2,plank_seconds,4,"[42, 41, 41, 39]",10,163,48.9
9,2,pushups,4,"[15, 14, 14, 12]",8.34,55,55
9,2,squats,4,"[31, 30, 30, 29]",10,120,84
9,2,situps,4,"[8, 7, 5, 5]",7.17,25,37.5
9,2,plank_seconds,4,"[136, 135, 134, 133]",10,538,161.4
9,2,pushups,4,"[16, 14, 13, 12]",8.34,55,55
9,2,squats,4,"[32, 30, 31, 29]",10,122,85.4
9,2,situps,4,"[8, 7, 5, 4]",7.17,24,36
9,2,plank_seconds,4,"[136, 135, 133, 133]",10,537,161.1
10,2,pushups,4,"[3, 2, 1, 1]",8.04,7,7
10,2,squats,4,"[9, 7, 7, 5]",10,28,19.6
10,2,situps,4,"[2, 1, 1, 1]",7.02,5,7.5
10,2,plank_seconds,4,"[38, 37, 36, 36]",10,147,44.1
10,2,pushups,4,"[3, 1, 1, 1]",8.04,6,6
10,2,squats,4,"[9, 7, 6, 6]",10,28,19.6
10,2,situps,4,"[1, 1, 1, 1]",7.02,4,6
10,2,plank_seconds,4,"[38, 38, 35, 35]",10,146,43.8
10,2,pushups,4,"[4, 2, 2, 1]",8.04,9,9
10,2,squats,4,"[8, 8, 6, 5]",10,27,18.9
10,2,situps,4,"[2, 1, 1, 1]",7.02,5,7.5
10,2,plank_seconds,4,"[39, 36, 37, 35]",10,147,44.1
11,2,pushups,4,"[5, 3, 2, 1]",8.19,11,11
11,2,squats,4,"[9, 9, 7, 6]",10,31,21.7
11,2,situps,4,"[2, 1, 1, 1]",6.87,5,7.5
11,2,plank_seconds,4,"[44, 43, 42, 41]",10,170,51
12,2,pushups,4,"[11, 10, 9, 8]",8.33,38,38
12,2,squats,4,"[21, 21, 20, 19]",10,81,56.7
12,2,situps,4,"[4, 4, 3, 2]",7.06,13,19.5
12,2,plank_seconds,4,"[94, 92, 92, 91]",10,369,110.7
12,2,pushups,4,"[10, 9, 8, 8]",8.33,35,35
12,2,squats,4,"[21, 21, 19, 19]",10,80,56
12,2,situps,4,"[4, 4, 2, 2]",7.06,12,18
12,2,plank_seconds,4,"[93, 93, 92, 91]",10,369,110.7
12,2,pushups,4,"[10, 10, 8, 8]",8.33,36,36
12,2,squats,4,"[22, 21, 19, 19]",10,81,56.7
12,2,situps,4,"[4, 4, 3, 1]",7.06,12,18
12,2,plank_seconds,4,"[93, 92, 91, 90]",10,366,109.8
13,2,pushups,4,"[3, 1, 1, 1]",8,6,6
13,2,squats,4,"[7, 5, 4, 4]",10,20,14
13,2,situps,4,"[1, 1, 1, 1]",6.67,4,6
13,2,plank_seconds,4,"[29, 28, 26, 25]",10,108,32.4
13,2,pushups,4,"[2, 1, 1, 1]",8,5,5
13,2,squats,4,"[7, 6, 4, 4]",10,21,14.7
13,2,situps,4,"[1, 1, 1, 1]",6.67,4,6
13,2,plank_seconds,4,"[28, 28, 27, 25]",10,108,32.4
14,2,pushups,4,"[9, 8, 8, 6]",8.31,31,31
14,2,squats,4,"[18, 18, 17, 16]",10,69,48.3
14,2,situps,4,"[4, 4, 3, 2]",7.15,13,19.5
14,2,plank_seconds,4,"[85, 85, 83, 82]",10,335,100.5
14,2,pushups,4,"[9, 8, 7, 7]",8.31,31,31
14,2,squats,4,"[19, 18, 17, 17]",10,71,49.7
14,2,situps,4,"[4, 4, 2, 1]",7.15,11,16.5
14,2,plank_seconds,4,"[85, 84, 84, 83]",10,336,100.8
14,2,pushups,4,"[10, 9, 7, 6]",8.31,32,32
14,2,squats,4,"[19, 19, 17, 17]",10,72,50.4
14,2,situps,4,"[5, 4, 2, 2]",7.15,13,19.5
14,2,plank_seconds,4,"[87, 84, 83, 82]",10,336,100.8
15,2,pushups,4,"[2, 1, 1, 1]",7.81,5,5
15,2,squats,4,"[7, 6, 5, 3]",10,21,14.7
15,2,situps,4,"[1, 1, 1, 1]",6.6,4,6
15,2,plank_seconds,4,"[33, 32, 30, 30]",10,125,37.5
15,2,pushups,4,"[3, 2, 1, 1]",7.81,7,7
15,2,squats,4,"[6, 5, 5, 3]",10,19,13.3
15,2,situps,4,"[1, 1, 1, 1]",6.6,4,6
15,2,plank_seconds,4,"[32, 31, 31, 30]",10,124,37.2
16,2,pushups,4,"[4, 2, 2, 2]",8.33,10,10
16,2,squats,4,"[9, 9, 8, 6]",10,32,22.4
16,2,situps,4,"[2, 1, 1, 1]",6.93,5,7.5
16,2,plank_seconds,4,"[41, 41, 39, 39]",10,160,48
16,2,pushups,4,"[5, 3, 3, 1]",8.33,12,12
16,2,squats,4,"[10, 9, 8, 7]",10,34,23.8
16,2,situps,4,"[2, 1, 1, 1]",6.93,5,7.5
16,2,plank_seconds,4,"[42, 41, 39, 39]",10,161,48.3
17,2,pushups,4,"[8, 7, 6, 4]",8.38,25,25
17,2,squats,4,"[15, 15, 14, 12]",10,56,39.2
17,2,situps,4,"[3, 3, 2, 1]",7.19,9,13.5
17,2,plank_seconds,4,"[67, 66, 65, 64]",10,262,78.6
17,2,pushups,4,"[8, 6, 6, 3]",8.38,23,23
17,2,squats,4,"[16, 14, 14, 12]",10,56,39.2
17,2,situps,4,"[3, 2, 1, 1]",7.19,7,10.5
17,2,plank_seconds,4,"[65, 66, 65, 63]",10,259,77.7
17,2,pushups,4,"[7, 7, 5, 4]",8.38,23,23
17,2,squats,4,"[16, 15, 13, 13]",10,57,39.9
17,2,situps,4,"[3, 3, 2, 1]",7.19,9,13.5
17,2,plank_seconds,4,"[67, 66, 64, 63]",10,260,78
18,2,pushups,4,"[10, 7, 6, 6]",8.31,29,29
18,2,squats,4,"[17, 16, 16, 16]",10,65,45.5
18,2,situps,4,"[4, 2, 1, 1]",7.03,8,12
18,2,plank_seconds,4,"[77, 76, 74, 73]",10,300,90
18,2,pushups,4,"[8, 8, 7, 5]",8.31,28,28
18,2,squats,4,"[18, 17, 16, 14]",10,65,45.5
18,2,situps,4,"[3, 2, 2, 1]",7.03,8,12
18,2,plank_seconds,4,"[77, 75, 74, 74]",10,300,90
19,2,pushups,4,"[3, 1, 1, 1]",8.23,6,6
19,2,squats,4,"[5, 4, 3, 3]",10,15,10.5
19,2,situps,4,"[1, 1, 1, 1]",6.74,4,6
19,2,plank_seconds,4,"[24, 25, 23, 22]",10,94,28.2
19,2,pushups,4,"[2, 1, 1, 1]",8.23,5,5
19,2,squats,4,"[6, 4, 4, 3]",10,17,11.9
19,2,situps,4,"[1, 1, 1, 1]",6.74,4,6
19,2,plank_seconds,4,"[26, 24, 23, 22]",10,95,28.5
19,2,pushups,4,"[2, 2, 1, 1]",8.23,6,6
19,2,squats,4,"[6, 5, 4, 3]",10,18,12.6
19,2,situps,4,"[1, 1, 1, 1]",6.74,4,6
19,2,plank_seconds,4,"[26, 24, 23, 22]",10,95,28.5
20,2,pushups,4,"[3, 1, 1, 1]",8.17,6,6
20,2,squats,4,"[7, 4, 4, 3]",10,18,12.6
20,2,situps,4,"[1, 1, 1, 1]",6.72,4,6
20,2,plank_seconds,4,"[27, 26, 24, 25]",10,102,30.6
20,2,pushups,4,"[2, 1, 1, 1]",8.17,5,5
20,2,squats,4,"[5, 4, 4, 3]",10,16,11.2
20,2,situps,4,"[1, 1, 1, 1]",6.72,4,6
20,2,plank_seconds,4,"[27, 26, 24, 24]",10,101,30.3
20,2,pushups,4,"[3, 2, 1, 1]",8.17,7,7
20,2,squats,4,"[6, 5, 4, 2]",10,17,11.9
20,2,situps,4,"[2, 1, 1, 1]",6.72,5,7.5
20,2,plank_seconds,4,"[26, 26, 25, 23]",10,100,30
21,2,pushups,4,"[9, 8, 6, 5]",8.19,28,28
21,2,squats,4,"[18, 17, 16, 15]",10,66,46.2
21,2,situps,4,"[3, 2, 1, 1]",6.97,7,10.5
21,2,plank_seconds,4,"[83, 81, 79, 79]",10,322,96.6
21,2,pushups,4,"[8, 8, 7, 6]",8.19,29,29
21,2,squats,4,"[19, 18, 16, 15]",10,68,47.6
21,2,situps,4,"[4, 2, 1, 1]",6.97,8,12
21,2,plank_seconds,4,"[81, 81, 79, 78]",10,319,95.7
22,2,pushups,4,"[6, 3, 4, 3]",8.4,16,16
22,2,squats,4,"[11, 9, 9, 8]",10,37,25.9
22,2,situps,4,"[2, 1, 1, 1]",7.2,5,7.5
22,2,plank_seconds,4,"[49, 48, 47, 46]",10,190,57
22,2,pushups,4,"[6, 4, 4, 3]",8.4,17,17
22,2,squats,4,"[12, 10, 9, 8]",10,39,27.3
22,2,situps,4,"[3, 1, 1, 1]",7.2,6,9
22,2,plank_seconds,4,"[49, 48, 48, 46]",10,191,57.3
22,2,pushups,4,"[6, 4, 4, 2]",8.4,16,16
22,2,squats,4,"[12, 10, 10, 9]",10,41,28.7
22,2,situps,4,"[2, 2, 1, 1]",7.2,6,9
22,2,plank_seconds,4,"[50, 47, 47, 47]",10,191,57.3
23,2,pushups,4,"[6, 5, 6, 3]",8.38,20,20
23,2,squats,4,"[13, 13, 12, 10]",10,48,33.6
23,2,situps,4,"[2, 3, 1, 1]",7.02,7,10.5
23,2,plank_seconds,4,"[57, 56, 55, 55]",10,223,66.9
23,2,pushups,4,"[7, 6, 4, 4]",8.38,21,21
23,2,squats,4,"[14, 13, 12, 10]",10,49,34.3
23,2,situps,4,"[2, 1, 1, 1]",7.02,5,7.5
23,2,plank_seconds,4,"[59, 56, 55, 55]",10,225,67.5
23,2,pushups,4,"[7, 5, 4, 4]",8.38,20,20
23,2,squats,4,"[13, 11, 12, 11]",10,47,32.9
23,2,situps,4,"[3, 2, 1, 1]",7.02,7,10.5
23,2,plank_seconds,4,"[58, 56, 56, 55]",10,225,67.5
24,2,pushups,4,"[3, 3, 1, 1]",8.05,8,8
24,2,squats,4,"[8, 7, 8, 6]",10,29,20.3
24,2,situps,4,"[2, 1, 1, 1]",7.03,5,7.5
24,2,plank_seconds,4,"[37, 36, 36, 34]",10,143,42.9
24,2,pushups,4,"[4, 3, 3, 1]",8.05,11,11
24,2,squats,4,"[9, 8, 6, 6]",10,29,20.3
24,2,situps,4,"[2, 1, 1, 1]",7.03,5,7.5
24,2,plank_seconds,4,"[39, 37, 36, 34]",10,146,43.8
25,2,pushups,4,"[9, 7, 6, 6]",8.29,28,28
25,2,squats,4,"[18, 16, 16, 15]",10,65,45.5
25,2,situps,4,"[4, 2, 1, 1]",7.02,8,12
25,2,plank_seconds,4,"[78, 76, 76, 74]",10,304,91.2
25,2,pushups,4,"[9, 8, 6, 5]",8.29,28,28
25,2,squats,4,"[18, 16, 15, 15]",10,64,44.8
25,2,situps,4,"[3, 2, 2, 1]",7.02,8,12
25,2,plank_seconds,4,"[78, 76, 76, 74]",10,304,91.2
26,2,pushups,4,"[5, 4, 3, 2]",8.34,14,14
26,2,squats,4,"[11, 10, 10, 9]",10,40,28
26,2,situps,4,"[3, 1, 1, 1]",7.17,6,9
26,2,plank_seconds,4,"[51, 49, 49, 48]",10,197,59.1
27,2,pushups,4,"[6, 7, 7, 4]",8.22,24,24
27,2,squats,4,"[16, 16, 15, 14]",10,61,42.7
27,2,situps,4,"[3, 3, 2, 1]",7.11,9,13.5
27,2,plank_seconds,4,"[72, 71, 70, 68]",10,281,84.3
27,2,pushups,4,"[8, 6, 6, 5]",8.22,25,25
27,2,squats,4,"[16, 16, 14, 13]",10,59,41.3
27,2,situps,4,"[3, 3, 2, 1]",7.11,9,13.5
27,2,plank_seconds,4,"[71, 72, 70, 69]",10,282,84.6
28,2,pushups,4,"[4, 3, 2, 1]",7.96,10,10
28,2,squats,4,"[9, 7, 6, 6]",10,28,19.6
28,2,situps,4,"[2, 1, 1, 1]",6.98,5,7.5
28,2,plank_seconds,4,"[39, 38, 37, 37]",10,151,45.3
28,2,pushups,4,"[3, 3, 2, 1]",7.96,9,9
28,2,squats,4,"[8, 7, 7, 4]",10,26,18.2
28,2,situps,4,"[2, 1, 1, 1]",6.98,5,7.5
28,2,plank_seconds,4,"[39, 38, 38, 37]",10,152,45.6
28,2,pushups,4,"[3, 2, 1, 1]",7.96,7,7
28,2,squats,4,"[9, 8, 6, 4]",10,27,18.9
28,2,situps,4,"[2, 1, 1, 1]",6.98,5,7.5
28,2,plank_seconds,4,"[40, 38, 37, 36]",10,151,45.3
29,2,pushups,4,"[3, 2, 2, 1]",8.12,8,8
29,2,squats,4,"[9, 7, 6, 4]",10,26,18.2
29,2,situps,4,"[2, 1, 1, 1]",7.06,5,7.5
29,2,plank_seconds,4,"[37, 36, 34, 33]",10,140,42
29,2,pushups,4,"[3, 3, 3, 1]",8.12,10,10
29,2,squats,4,"[8, 8, 6, 5]",10,27,18.9
29,2,situps,4,"[2, 1, 1, 1]",7.06,5,7.5
29,2,plank_seconds,4,"[37, 36, 34, 34]",10,141,42.3
0,3,pushups,4,"[4, 3, 2, 2]",8.05,11,11
0,3,squats,4,"[10, 9, 7, 7]",10,33,23.1
0,3,situps,4,"[1, 1, 1, 1]",6.82,4,6
0,3,plank_seconds,4,"[48, 46, 46, 44]",10,184,55.2
0,3,pushups,4,"[5, 4, 3, 1]",8.05,13,13
0,3,squats,4,"[11, 9, 9, 7]",10,36,25.2
0,3,situps,4,"[1, 1, 1, 1]",6.82,4,6
0,3,plank_seconds,4,"[47, 46, 45, 45]",10,183,54.9
0,3,pushups,4,"[4, 4, 3, 1]",8.05,12,12
0,3,squats,4,"[11, 10, 8, 8]",10,37,25.9
0,3,situps,4,"[1, 1, 1, 1]",6.82,4,6
0,3,plank_seconds,4,"[47, 46, 45, 44]",10,182,54.6
1,3,pushups,4,"[4, 2, 2, 1]",8.19,9,9
1,3,squats,4,"[8, 6, 6, 5]",10,25,17.5
1,3,situps,4,"[2, 1, 1, 1]",7.1,5,7.5
1,3,plank_seconds,4,"[35, 34, 33, 33]",10,135,40.5
1,3,pushups,4,"[4, 2, 1, 1]",8.19,8,8
1,3,squats,4,"[7, 7, 5, 5]",10,24,16.8
1,3,situps,4,"[2, 1, 1, 1]",7.1,5,7.5
1,3,plank_seconds,4,"[35, 34, 34, 33]",10,136,40.8
2,3,pushups,4,"[15, 14, 13, 13]",8.29,55,55
2,3,squats,4,"[32, 31, 30, 29]",10,122,85.4
2,3,situps,4,"[7, 6, 5, 4]",7.14,22,33
2,3,plank_seconds,4,"[139, 138, 137, 136]",10,550,165
2,3,pushups,4,"[15, 15, 13, 12]",8.29,55,55
2,3,squats,4,"[32, 32, 31, 30]",10,125,87.5
2,3,situps,4,"[7, 6, 6, 5]",7.14,24,36
2,3,plank_seconds,4,"[138, 137, 136, 136]",10,547,164.1
2,3,pushups,4,"[14, 14, 14, 13]",8.29,55,55
2,3,squats,4,"[33, 32, 30, 29]",10,124,86.8
2,3,situps,4,"[7, 7, 6, 5]",7.14,25,37.5
2,3,plank_seconds,4,"[139, 138, 136, 135]",10,548,164.4
3,3,pushups,4,"[5, 5, 3, 3]",8.39,16,16
3,3,squats,4,"[11, 11, 9, 8]",10,39,27.3
3,3,situps,4,"[3, 2, 1, 1]",7.19,7,10.5
3,3,plank_seconds,4,"[49, 48, 48, 47]",10,192,57.6
3,3,pushups,4,"[5, 5, 4, 2]",8.39,16,16
3,3,squats,4,"[11, 10, 9, 9]",10,39,27.3
3,3,situps,4,"[3, 1, 1, 1]",7.19,6,9
3,3,plank_seconds,4,"[50, 49, 48, 47]",10,194,58.2
3,3,pushups,4,"[6, 5, 3, 2]",8.39,16,16
3,3,squats,4,"[11, 11, 10, 8]",10,40,28
3,3,situps,4,"[1, 1, 1, 1]",7.19,4,6
3,3,plank_seconds,4,"[50, 48, 47, 47]",10,192,57.6
4,3,pushups,4,"[13, 11, 9, 8]",8.31,41,41
4,3,squats,4,"[23, 22, 22, 21]",10,88,61.6
4,3,situps,4,"[5, 5, 4, 3]",7.15,17,25.5
4,3,plank_seconds,4,"[102, 102, 101, 99]",10,404,121.2
4,3,pushups,4,"[13, 11, 9, 8]",8.31,41,41
4,3,squats,4,"[24, 23, 22, 21]",10,90,63
4,3,situps,4,"[6, 5, 4, 2]",7.15,17,25.5
4,3,plank_seconds,4,"[103, 102, 102, 99]",10,406,121.8
4,3,pushups,4,"[12, 9, 10, 8]",8.31,39,39
4,3,squats,4,"[24, 22, 21, 20]",10,87,60.9
4,3,situps,4,"[5, 5, 2, 3]",7.15,15,22.5
4,3,plank_seconds,4,"[101, 101, 101, 100]",10,403,120.9
5,3,pushups,4,"[5, 5, 4, 2]",8.31,16,16
5,3,squats,4,"[12, 9, 9, 8]",10,38,26.6
5,3,situps,4,"[3, 2, 1, 1]",7.16,7,10.5
5,3,plank_seconds,4,"[51, 49, 48, 47]",10,195,58.5
5,3,pushups,4,"[6, 4, 3, 4]",8.31,17,17
5,3,squats,4,"[11, 10, 10, 8]",10,39,27.3
5,3,situps,4,"[2, 1, 1, 1]",7.16,5,7.5
5,3,plank_seconds,4,"[51, 50, 48, 47]",10,196,58.8
6,3,pushups,4,"[13, 13, 12, 10]",8.26,48,48
6,3,squats,4,"[28, 27, 27, 26]",10,108,75.6
6,3,situps,4,"[6, 6, 5, 3]",7.13,20,30
6,3,plank_seconds,4,"[123, 123, 120, 120]",10,486,145.8
6,3,pushups,4,"[13, 13, 12, 11]",8.26,49,49
6,3,squats,4,"[28, 28, 27, 26]",10,109,76.3
6,3,situps,4,"[7, 5, 5, 4]",7.13,21,31.5
6,3,plank_seconds,4,"[122, 122, 120, 119]",10,483,144.9
6,3,pushups,4,"[14, 13, 11, 11]",8.26,49,49
6,3,squats,4,"[29, 27, 26, 25]",10,107,74.9
6,3,situps,4,"[6, 6, 4, 2]",7.13,18,27
6,3,plank_seconds,4,"[122, 121, 121, 119]",10,483,144.9
7,3,pushups,4,"[5, 5, 3, 3]",8.19,16,16
7,3,squats,4,"[13, 12, 10, 9]",10,44,30.8
7,3,situps,4,"[3, 1, 1, 1]",7.09,6,9
7,3,plank_seconds,4,"[53, 53, 51, 50]",10,207,62.1
7,3,pushups,4,"[6, 4, 3, 3]",8.19,16,16
7,3,squats,4,"[13, 11, 11, 9]",10,44,30.8
7,3,situps,4,"[3, 1, 1, 1]",7.09,6,9
7,3,plank_seconds,4,"[53, 53, 51, 51]",10,208,62.4
7,3,pushups,4,"[5, 4, 3, 2]",8.19,14,14
7,3,squats,4,"[12, 11, 10, 10]",10,43,30.1
7,3,situps,4,"[3, 2, 1, 1]",7.09,7,10.5
7,3,plank_seconds,4,"[54, 52, 52, 50]",10,208,62.4
8,3,pushups,4,"[5, 4, 2, 1]",8.28,12,12
8,3,squats,4,"[9, 9, 8, 7]",10,33,23.1
8,3,situps,4,"[2, 1, 1, 1]",6.91,5,7.5
8,3,plank_seconds,4,"[42, 40, 41, 39]",10,162,48.6
8,3,pushups,4,"[4, 4, 2, 2]",8.28,12,12
8,3,squats,4,"[10, 8, 8, 6]",10,32,22.4
8,3,situps,4,"[2, 1, 1, 1]",6.91,5,7.5
8,3,plank_seconds,4,"[43, 42, 40, 39]",10,164,49.2
8,3,pushups,4,"[4, 4, 2, 1]",8.28,11,11
8,3,squats,4,"[10, 8, 7, 6]",10,31,21.7
8,3,situps,4,"[1, 1, 1, 1]",6.91,4,6
8,3,plank_seconds,4,"[42, 42, 41, 39]",10,164,49.2
9,3,pushups,4,"[15, 14, 13, 12]",8.34,54,54
9,3,squats,4,"[32, 32, 29, 28]",10,121,84.7
9,3,situps,4,"[7, 7, 6, 5]",7.17,25,37.5
9,3,plank_seconds,4,"[134, 133, 133, 133]",10,533,159.9
9,3,pushups,4,"[15, 13, 14, 13]",8.34,55,55
9,3,squats,4,"[31, 30, 29, 29]",10,119,83.3
9,3,situps,4,"[7, 7, 4, 4]",7.17,22,33
9,3,plank_seconds,4,"[135, 134, 133, 133]",10,535,160.5
10,3,pushups,4,"[4, 3, 2, 1]",8.04,10,10
10,3,squats,4,"[9, 7, 5, 6]",10,27,18.9
10,3,situps,4,"[1, 1, 1, 1]",7.02,4,6
10,3,plank_seconds,4,"[39, 38, 37, 36]",10,150,45
10,3,pushups,4,"[3, 3, 1, 1]",8.04,8,8
10,3,squats,4,"[8, 7, 7, 5]",10,27,18.9
10,3,situps,4,"[2, 1, 1, 1]",7.02,5,7.5
10,3,plank_seconds,4,"[38, 38, 37, 35]",10,148,44.4
11,3,pushups,4,"[6, 4, 2, 2]",8.19,14,14
11,3,squats,4,"[10, 9, 7, 7]",10,33,23.1
11,3,situps,4,"[2, 1, 1, 1]",6.87,5,7.5
11,3,plank_seconds,4,"[44, 44, 42, 42]",10,172,51.6
11,3,pushups,4,"[4, 3, 3, 2]",8.19,12,12
11,3,squats,4,"[9, 8, 8, 6]",10,31,21.7
11,3,situps,4,"[1, 1, 1, 1]",6.87,4,6
11,3,plank_seconds,4,"[44, 43, 42, 41]",10,170,51
11,3,pushups,4,"[5, 5, 2, 2]",8.19,14,14
11,3,squats,4,"[10, 8, 8, 6]",10,32,22.4
11,3,situps,4,"[2, 1, 1, 1]",6.87,5,7.5
11,3,plank_seconds,4,"[44, 43, 42, 42]",10,171,51.3
12,3,pushups,4,"[10, 10, 8, 7]",8.33,35,35
12,3,squats,4,"[21, 20, 19, 19]",10,79,55.3
12,3,situps,4,"[4, 3, 2, 2]",7.06,11,16.5
12,3,plank_seconds,4,"[93, 92, 92, 90]",10,367,110.1
12,3,pushups,4,"[11, 10, 8, 8]",8.33,37,37
12,3,squats,4,"[21, 21, 20, 18]",10,80,56
12,3,situps,4,"[4, 3, 3, 1]",7.06,11,16.5
12,3,plank_seconds,4,"[93, 93, 91, 91]",10,368,110.4
13,3,pushups,4,"[2, 2, 1, 1]",8,6,6
13,3,squats,4,"[7, 6, 4, 3]",10,20,14
13,3,situps,4,"[1, 1, 1, 1]",6.67,4,6
13,3,plank_seconds,4,"[29, 28, 27, 25]",10,109,32.7
14,3,pushups,4,"[9, 8, 7, 6]",8.31,30,30
14,3,squats,4,"[18, 19, 17, 16]",10,70,49
14,3,situps,4,"[5, 4, 3, 1]",7.15,13,19.5
14,3,plank_seconds,4,"[86, 85, 84, 82]",10,337,101.1
14,3,pushups,4,"[10, 9, 7, 8]",8.31,34,34
14,3,squats,4,"[19, 19, 17, 17]",10,72,50.4
14,3,situps,4,"[4, 3, 2, 2]",7.15,11,16.5
14,3,plank_seconds,4,"[86, 85, 82, 84]",10,337,101.1
14,3,pushups,4,"[10, 8, 8, 7]",8.31,33,33
14,3,squats,4,"[19, 19, 17, 16]",10,71,49.7
14,3,situps,4,"[4, 3, 3, 2]",7.15,12,18
14,3,plank_seconds,4,"[86, 85, 84, 82]",10,337,101.1
15,3,pushups,4,"[2, 1, 1, 1]",7.81,5,5
15,3,squats,4,"[7, 6, 5, 3]",10,21,14.7
15,3,situps,4,"[1, 1, 1, 1]",6.6,4,6
15,3,plank_seconds,4,"[32, 32, 31, 29]",10,124,37.2
15,3,pushups,4,"[2, 1, 1, 1]",7.81,5,5
15,3,squats,4,"[7, 6, 4, 3]",10,20,14
15,3,situps,4,"[1, 1, 1, 1]",6.6,4,6
15,3,plank_seconds,4,"[33, 31, 30, 30]",10,124,37.2
16,3,pushups,4,"[5, 3, 2, 1]",8.33,11,11
16,3,squats,4,"[10, 8, 7, 7]",10,32,22.4
16,3,situps,4,"[2, 1, 1, 1]",6.93,5,7.5
16,3,plank_seconds,4,"[41, 41, 40, 39]",10,161,48.3
17,3,pushups,4,"[7, 6, 6, 5]",8.38,24,24
17,3,squats,4,"[16, 14, 13, 13]",10,56,39.2
17,3,situps,4,"[4, 3, 2, 1]",7.19,10,15
17,3,plank_seconds,4,"[66, 65, 65, 64]",10,260,78
18,3,pushups,4,"[9, 8, 6, 5]",8.31,28,28
18,3,squats,4,"[18, 17, 16, 15]",10,66,46.2
18,3,situps,4,"[4, 3, 2, 1]",7.03,10,15
18,3,plank_seconds,4,"[77, 76, 74, 74]",10,301,90.3
18,3,pushups,4,"[8, 8, 6, 6]",8.31,28,28
18,3,squats,4,"[17, 17, 15, 14]",10,63,44.1
18,3,situps,4,"[4, 2, 2, 1]",7.03,9,13.5
18,3,plank_seconds,4,"[77, 75, 74, 73]",10,299,89.7
18,3,pushups,4,"[9, 8, 6, 6]",8.31,29,29
18,3,squats,4,"[16, 16, 15, 14]",10,61,42.7
18,3,situps,4,"[3, 3, 1, 1]",7.03,8,12
18,3,plank_seconds,4,"[77, 76, 75, 73]",10,301,90.3
19,3,pushups,4,"[3, 1, 1, 1]",8.23,6,6
19,3,squats,4,"[5, 4, 4, 3]",10,16,11.2
19,3,situps,4,"[1, 1, 1, 1]",6.74,4,6
19,3,plank_seconds,4,"[27, 25, 24, 22]",10,98,29.4
20,3,pushups,4,"[2, 1, 1, 1]",8.17,5,5
20,3,squats,4,"[6, 4, 4, 2]",10,16,11.2
20,3,situps,4,"[1, 1, 1, 1]",6.72,4,6
20,3,plank_seconds,4,"[26, 26, 24, 23]",10,99,29.7
20,3,pushups,4,"[3, 2, 1, 1]",8.17,7,7
20,3,squats,4,"[6, 4, 4, 3]",10,17,11.9
20,3,situps,4,"[1, 1, 1, 1]",6.72,4,6
20,3,plank_seconds,4,"[26, 26, 24, 24]",10,100,30
20,3,pushups,4,"[2, 2, 1, 1]",8.17,6,6
20,3,squats,4,"[6, 4, 4, 2]",10,16,11.2
20,3,situps,4,"[1, 1, 1, 1]",6.72,4,6
20,3,plank_seconds,4,"[27, 25, 24, 23]",10,99,29.7
21,3,pushups,4,"[9, 7, 7, 6]",8.19,29,29
21,3,squats,4,"[18, 17, 17, 15]",10,67,46.9
21,3,situps,4,"[4, 3, 2, 1]",6.97,10,15
21,3,plank_seconds,4,"[81, 80, 80, 79]",10,320,96
22,3,pushups,4,"[5, 5, 3, 3]",8.4,16,16
22,3,squats,4,"[12, 11, 9, 9]",10,41,28.7
22,3,situps,4,"[3, 2, 1, 1]",7.2,7,10.5
22,3,plank_seconds,4,"[49, 49, 48, 46]",10,192,57.6
22,3,pushups,4,"[6, 3, 4, 2]",8.4,15,15
22,3,squats,4,"[12, 10, 10, 7]",10,39,27.3
22,3,situps,4,"[2, 1, 1, 1]",7.2,5,7.5
22,3,plank_seconds,4,"[49, 49, 48, 47]",10,193,57.9
22,3,pushups,4,"[5, 4, 4, 3]",8.4,16,16
22,3,squats,4,"[11, 10, 10, 9]",10,40,28
22,3,situps,4,"[2, 1, 1, 1]",7.2,5,7.5
22,3,plank_seconds,4,"[48, 47, 48, 47]",10,190,57
23,3,pushups,4,"[7, 6, 5, 3]",8.38,21,21
23,3,squats,4,"[13, 12, 11, 10]",10,46,32.2
23,3,situps,4,"[3, 2, 1, 1]",7.02,7,10.5
23,3,plank_seconds,4,"[59, 56, 55, 55]",10,225,67.5
23,3,pushups,4,"[6, 6, 4, 3]",8.38,19,19
23,3,squats,4,"[13, 13, 11, 10]",10,47,32.9
23,3,situps,4,"[3, 1, 1, 1]",7.02,6,9
23,3,plank_seconds,4,"[57, 57, 55, 55]",10,224,67.2
23,3,pushups,4,"[6, 6, 5, 4]",8.38,21,21
23,3,squats,4,"[14, 12, 11, 11]",10,48,33.6
23,3,situps,4,"[2, 1, 1, 1]",7.02,5,7.5
23,3,plank_seconds,4,"[57, 56, 55, 54]",10,222,66.6
24,3,pushups,4,"[4, 3, 1, 1]",8.05,9,9
24,3,squats,4,"[9, 8, 7, 5]",10,29,20.3
24,3,situps,4,"[1, 1, 1, 1]",7.03,4,6
24,3,plank_seconds,4,"[38, 36, 36, 34]",10,144,43.2
24,3,pushups,4,"[4, 2, 1, 1]",8.05,8,8
24,3,squats,4,"[9, 8, 7, 5]",10,29,20.3
24,3,situps,4,"[3, 1, 1, 1]",7.03,6,9
24,3,plank_seconds,4,"[38, 37, 36, 34]",10,145,43.5
24,3,pushups,4,"[3, 1, 2, 1]",8.05,7,7
24,3,squats,4,"[9, 8, 6, 5]",10,28,19.6
24,3,situps,4,"[1, 1, 1, 1]",7.03,4,6
24,3,plank_seconds,4,"[37, 37, 35, 35]",10,144,43.2
25,3,pushups,4,"[9, 8, 7, 6]",8.29,30,30
25,3,squats,4,"[17, 17, 15, 14]",10,63,44.1
25,3,situps,4,"[4, 3, 1, 1]",7.02,9,13.5
25,3,plank_seconds,4,"[77, 76, 76, 74]",10,303,90.9
26,3,pushups,4,"[5, 5, 3, 3]",8.34,16,16
26,3,squats,4,"[12, 11, 9, 9]",10,41,28.7
26,3,situps,4,"[2, 1, 1, 1]",7.17,5,7.5
26,3,plank_seconds,4,"[51, 49, 49, 48]",10,197,59.1
26,3,pushups,4,"[4, 5, 3, 3]",8.34,15,15
26,3,squats,4,"[11, 9, 10, 9]",10,39,27.3
26,3,situps,4,"[2, 1, 2, 1]",7.17,6,9
26,3,plank_seconds,4,"[51, 49, 47, 47]",10,194,58.2
27,3,pushups,4,"[7, 6, 6, 4]",8.22,23,23
27,3,squats,4,"[16, 16, 14, 12]",10,58,40.6
27,3,situps,4,"[4, 3, 1, 1]",7.11,9,13.5
27,3,plank_seconds,4,"[71, 70, 69, 68]",10,278,83.4
27,3,pushups,4,"[8, 7, 5, 5]",8.22,25,25
27,3,squats,4,"[16, 16, 14, 14]",10,60,42
27,3,situps,4,"[3, 3, 1, 1]",7.11,8,12
27,3,plank_seconds,4,"[71, 70, 69, 68]",10,278,83.4
28,3,pushups,4,"[3, 3, 2, 1]",7.96,9,9
28,3,squats,4,"[9, 7, 7, 5]",10,28,19.6
28,3,situps,4,"[2, 1, 1, 1]",6.98,5,7.5
28,3,plank_seconds,4,"[39, 38, 38, 36]",10,151,45.3
29,3,pushups,4,"[4, 3, 1, 1]",8.12,9,9
29,3,squats,4,"[9, 6, 6, 5]",10,26,18.2
29,3,situps,4,"[2, 1, 1, 1]",7.06,5,7.5
29,3,plank_seconds,4,"[37, 36, 36, 34]",10,143,42.9
29,3,pushups,4,"[4, 3, 1, 1]",8.12,9,9
29,3,squats,4,"[8, 7, 6, 5]",10,26,18.2
29,3,situps,4,"[1, 1, 1, 1]",7.06,4,6
29,3,plank_seconds,4,"[36, 37, 35, 33]",10,141,42.3
29,3,pushups,4,"[4, 2, 1, 1]",8.12,8,8
29,3,squats,4,"[9, 7, 7, 6]",10,29,20.3
29,3,situps,4,"[2, 1, 1, 1]",7.06,5,7.5
29,3,plank_seconds,4,"[36, 35, 35, 34]",10,140,42
0,4,pushups,4,"[4, 3, 2, 1]",8.05,10,10
0,4,squats,4,"[10, 9, 8, 7]",10,34,23.8
0,4,situps,4,"[2, 1, 1, 1]",6.82,5,7.5
0,4,plank_seconds,4,"[47, 46, 46, 45]",10,184,55.2
0,4,pushups,4,"[4, 3, 3, 1]",8.05,11,11
0,4,squats,4,"[10, 10, 9, 8]",10,37,25.9
0,4,situps,4,"[1, 1, 1, 1]",6.82,4,6
0,4,plank_seconds,4,"[48, 47, 46, 45]",10,186,55.8
0,4,pushups,4,"[5, 4, 3, 1]",8.05,13,13
0,4,squats,4,"[10, 10, 8, 7]",10,35,24.5
0,4,situps,4,"[2, 1, 1, 1]",6.82,5,7.5
0,4,plank_seconds,4,"[47, 47, 46, 45]",10,185,55.5
1,4,pushups,4,"[3, 3, 1, 1]",8.19,8,8
1,4,squats,4,"[7, 7, 6, 4]",10,24,16.8
1,4,situps,4,"[1, 1, 1, 1]",7.1,4,6
1,4,plank_seconds,4,"[36, 35, 34, 33]",10,138,41.4
1,4,pushups,4,"[3, 2, 2, 1]",8.19,8,8
1,4,squats,4,"[8, 6, 5, 4]",10,23,16.1
1,4,situps,4,"[2, 1, 1, 1]",7.1,5,7.5
1,4,plank_seconds,4,"[36, 34, 34, 33]",10,137,41.1
1,4,pushups,4,"[3, 2, 1, 1]",8.19,7,7
1,4,squats,4,"[7, 7, 6, 5]",10,25,17.5
1,4,situps,4,"[1, 1, 1, 1]",7.1,4,6
1,4,plank_seconds,4,"[35, 35, 34, 32]",10,136,40.8
2,4,pushups,4,"[16, 16, 12, 13]",8.29,57,57
2,4,squats,4,"[32, 32, 30, 29]",10,123,86.1
2,4,situps,4,"[8, 8, 6, 4]",7.14,26,39
2,4,plank_seconds,4,"[138, 137, 136, 135]",10,546,163.8
2,4,pushups,4,"[16, 14, 14, 13]",8.29,57,57
2,4,squats,4,"[32, 31, 31, 30]",10,124,86.8
2,4,situps,4,"[8, 6, 6, 4]",7.14,24,36
2,4,plank_seconds,4,"[137, 139, 137, 136]",10,549,164.7
2,4,pushups,4,"[15, 14, 13, 12]",8.29,54,54
2,4,squats,4,"[34, 31, 30, 29]",10,124,86.8
2,4,situps,4,"[8, 7, 5, 5]",7.14,25,37.5
2,4,plank_seconds,4,"[139, 138, 137, 137]",10,551,165.3
3,4,pushups,4,"[5, 5, 4, 3]",8.39,17,17
3,4,squats,4,"[11, 10, 9, 9]",10,39,27.3
3,4,situps,4,"[3, 1, 1, 1]",7.19,6,9
3,4,plank_seconds,4,"[49, 49, 48, 47]",10,193,57.9
3,4,pushups,4,"[5, 4, 3, 3]",8.39,15,15
3,4,squats,4,"[12, 10, 9, 8]",10,39,27.3
3,4,situps,4,"[3, 1, 1, 1]",7.19,6,9
3,4,plank_seconds,4,"[49, 49, 48, 46]",10,192,57.6
4,4,pushups,4,"[11, 10, 10, 8]",8.31,39,39
4,4,squats,4,"[24, 23, 22, 21]",10,90,63
4,4,situps,4,"[6, 5, 3, 3]",7.15,17,25.5
4,4,plank_seconds,4,"[103, 101, 101, 101]",10,406,121.8
4,4,pushups,4,"[11, 11, 10, 8]",8.31,40,40
4,4,squats,4,"[23, 22, 21, 21]",10,87,60.9
4,4,situps,4,"[5, 4, 4, 2]",7.15,15,22.5
4,4,plank_seconds,4,"[102, 102, 101, 100]",10,405,121.5
4,4,pushups,4,"[12, 11, 10, 9]",8.31,42,42
4,4,squats,4,"[23, 23, 21, 21]",10,88,61.6
4,4,situps,4,"[5, 6, 3, 2]",7.15,16,24
4,4,plank_seconds,4,"[102, 102, 101, 99]",10,404,121.2
5,4,pushups,4,"[6, 4, 3, 2]",8.31,15,15
5,4,squats,4,"[11, 11, 9, 8]",10,39,27.3
5,4,situps,4,"[2, 2, 1, 1]",7.16,6,9
5,4,plank_seconds,4,"[51, 50, 49, 47]",10,197,59.1
5,4,pushups,4,"[6, 5, 4, 2]",8.31,17,17
5,4,squats,4,"[11, 10, 10, 9]",10,40,28
5,4,situps,4,"[2, 2, 1, 1]",7.16,6,9
5,4,plank_seconds,4,"[50, 50, 49, 49]",10,198,59.4
5,4,pushups,4,"[5, 5, 3, 2]",8.31,15,15
5,4,squats,4,"[11, 11, 11, 8]",10,41,28.7
5,4,situps,4,"[2, 2, 1, 1]",7.16,6,9
5,4,plank_seconds,4,"[51, 50, 49, 47]",10,197,59.1
6,4,pushups,4,"[13, 12, 12, 10]",8.26,47,47
6,4,squats,4,"[28, 27, 27, 26]",10,108,75.6
6,4,situps,4,"[6, 5, 4, 4]",7.13,19,28.5
6,4,plank_seconds,4,"[123, 121, 120, 120]",10,484,145.2
6,4,pushups,4,"[14, 12, 11, 11]",8.26,48,48
6,4,squats,4,"[28, 28, 26, 25]",10,107,74.9
6,4,situps,4,"[7, 5, 4, 3]",7.13,19,28.5
6,4,plank_seconds,4,"[123, 121, 120, 120]",10,484,145.2
6,4,pushups,4,"[13, 12, 12, 11]",8.26,48,48
6,4,squats,4,"[30, 28, 27, 25]",10,110,77
6,4,situps,4,"[6, 6, 5, 3]",7.13,20,30
6,4,plank_seconds,4,"[122, 122, 121, 120]",10,485,145.5
7,4,pushups,4,"[5, 4, 3, 3]",8.19,15,15
7,4,squats,4,"[13, 11, 10, 11]",10,45,31.5
7,4,situps,4,"[2, 1, 1, 1]",7.09,5,7.5
7,4,plank_seconds,4,"[54, 53, 52, 50]",10,209,62.7
7,4,pushups,4,"[5, 5, 5, 2]",8.19,17,17
7,4,squats,4,"[13, 12, 11, 9]",10,45,31.5
7,4,situps,4,"[2, 2, 1, 1]",7.09,6,9
7,4,plank_seconds,4,"[53, 52, 51, 51]",10,207,62.1
7,4,pushups,4,"[6, 4, 3, 2]",8.19,15,15
7,4,squats,4,"[12, 11, 10, 9]",10,42,29.4
7,4,situps,4,"[2, 1, 2, 1]",7.09,6,9
7,4,plank_seconds,4,"[53, 53, 52, 51]",10,209,62.7
8,4,pushups,4,"[5, 3, 2, 2]",8.28,12,12
8,4,squats,4,"[10, 10, 7, 7]",10,34,23.8
8,4,situps,4,"[1, 1, 1, 1]",6.91,4,6
8,4,plank_seconds,4,"[42, 42, 40, 40]",10,164,49.2
8,4,pushups,4,"[5, 4, 3, 2]",8.28,14,14
8,4,squats,4,"[9, 9, 7, 7]",10,32,22.4
8,4,situps,4,"[2, 1, 1, 1]",6.91,5,7.5
8,4,plank_seconds,4,"[43, 41, 41, 40]",10,165,49.5
8,4,pushups,4,"[5, 4, 2, 1]",8.28,12,12
8,4,squats,4,"[10, 9, 7, 7]",10,33,23.1
8,4,situps,4,"[1, 1, 1, 1]",6.91,4,6
8,4,plank_seconds,4,"[42, 42, 40, 40]",10,164,49.2
9,4,pushups,4,"[15, 14, 13, 12]",8.34,54,54
9,4,squats,4,"[32, 31, 29, 29]",10,121,84.7
9,4,situps,4,"[8, 7, 5, 4]",7.17,24,36
9,4,plank_seconds,4,"[136, 135, 133, 132]",10,536,160.8
9,4,pushups,4,"[15, 15, 14, 12]",8.34,56,56
9,4,squats,4,"[31, 30, 29, 28]",10,118,82.6
9,4,situps,4,"[8, 6, 6, 4]",7.17,24,36
9,4,plank_seconds,4,"[135, 134, 134, 132]",10,535,160.5
10,4,pushups,4,"[3, 3, 2, 1]",8.04,9,9
10,4,squats,4,"[9, 8, 6, 6]",10,29,20.3
10,4,situps,4,"[1, 1, 1, 1]",7.02,4,6
10,4,plank_seconds,4,"[38, 38, 37, 35]",10,148,44.4
10,4,pushups,4,"[3, 2, 2, 1]",8.04,8,8
10,4,squats,4,"[8, 8, 6, 5]",10,27,18.9
10,4,situps,4,"[1, 1, 1, 1]",7.02,4,6
10,4,plank_seconds,4,"[40, 36, 37, 35]",10,148,44.4
11,4,pushups,4,"[4, 3, 3, 2]",8.19,12,12
11,4,squats,4,"[10, 9, 7, 6]",10,32,22.4
11,4,situps,4,"[1, 1, 1, 1]",6.87,4,6
11,4,plank_seconds,4,"[45, 43, 43, 42]",10,173,51.9
11,4,pushups,4,"[5, 3, 3, 1]",8.19,12,12
11,4,squats,4,"[9, 9, 8, 6]",10,32,22.4
11,4,situps,4,"[2, 1, 1, 1]",6.87,5,7.5
11,4,plank_seconds,4,"[45, 43, 42, 41]",10,171,51.3
11,4,pushups,4,"[5, 3, 3, 1]",8.19,12,12
11,4,squats,4,"[9, 8, 7, 7]",10,31,21.7
11,4,situps,4,"[1, 1, 1, 1]",6.87,4,6
11,4,plank_seconds,4,"[45, 44, 42, 41]",10,172,51.6
12,4,pushups,4,"[10, 9, 9, 7]",8.33,35,35
12,4,squats,4,"[22, 20, 19, 19]",10,80,56
12,4,situps,4,"[5, 3, 2, 1]",7.06,11,16.5
12,4,plank_seconds,4,"[93, 92, 92, 90]",10,367,110.1
12,4,pushups,4,"[10, 10, 9, 7]",8.33,36,36
12,4,squats,4,"[21, 21, 20, 18]",10,80,56
12,4,situps,4,"[5, 4, 2, 1]",7.06,12,18
12,4,plank_seconds,4,"[93, 92, 91, 91]",10,367,110.1
12,4,pushups,4,"[11, 9, 8, 7]",8.33,35,35
12,4,squats,4,"[22, 21, 19, 19]",10,81,56.7
12,4,situps,4,"[5, 4, 2, 1]",7.06,12,18
12,4,plank_seconds,4,"[93, 93, 91, 90]",10,367,110.1
13,4,pushups,4,"[3, 2, 1, 1]",8,7,7
13,4,squats,4,"[7, 4, 5, 4]",10,20,14
13,4,situps,4,"[1, 1, 1, 1]",6.67,4,6
13,4,plank_seconds,4,"[29, 27, 28, 26]",10,110,33
13,4,pushups,4,"[2, 1, 1, 1]",8,5,5
13,4,squats,4,"[7, 6, 5, 4]",10,22,15.4
13,4,situps,4,"[1, 1, 1, 1]",6.67,4,6
13,4,plank_seconds,4,"[27, 27, 26, 26]",10,106,31.8
13,4,pushups,4,"[3, 2, 1, 1]",8,7,7
13,4,squats,4,"[6, 6, 5, 3]",10,20,14
13,4,situps,4,"[1, 1, 1, 1]",6.67,4,6
13,4,plank_seconds,4,"[28, 27, 26, 26]",10,107,32.1
14,4,pushups,4,"[9, 8, 8, 6]",8.31,31,31
14,4,squats,4,"[20, 19, 17, 18]",10,74,51.8
14,4,situps,4,"[4, 3, 2, 2]",7.15,11,16.5
14,4,plank_seconds,4,"[86, 85, 84, 82]",10,337,101.1
14,4,pushups,4,"[9, 8, 9, 7]",8.31,33,33
14,4,squats,4,"[19, 19, 17, 17]",10,72,50.4
14,4,situps,4,"[4, 4, 2, 1]",7.15,11,16.5
14,4,plank_seconds,4,"[86, 85, 83, 83]",10,337,101.1
15,4,pushups,4,"[2, 1, 1, 1]",7.81,5,5
15,4,squats,4,"[7, 6, 5, 4]",10,22,15.4
15,4,situps,4,"[1, 1, 1, 1]",6.6,4,6
15,4,plank_seconds,4,"[32, 31, 30, 29]",10,122,36.6
15,4,pushups,4,"[3, 1, 1, 1]",7.81,6,6
15,4,squats,4,"[7, 6, 5, 4]",10,22,15.4
15,4,situps,4,"[1, 1, 1, 1]",6.6,4,6
15,4,plank_seconds,4,"[33, 31, 30, 29]",10,123,36.9
15,4,pushups,4,"[3, 2, 1, 1]",7.81,7,7
15,4,squats,4,"[6, 6, 5, 3]",10,20,14
15,4,situps,4,"[1, 1, 1, 1]",6.6,4,6
15,4,plank_seconds,4,"[33, 31, 30, 30]",10,124,37.2
16,4,pushups,4,"[5, 4, 3, 2]",8.33,14,14
16,4,squats,4,"[9, 7, 7, 6]",10,29,20.3
16,4,situps,4,"[2, 1, 1, 1]",6.93,5,7.5
16,4,plank_seconds,4,"[41, 41, 40, 38]",10,160,48
16,4,pushups,4,"[5, 4, 2, 2]",8.33,13,13
16,4,squats,4,"[9, 9, 8, 7]",10,33,23.1
16,4,situps,4,"[1, 1, 1, 1]",6.93,4,6
16,4,plank_seconds,4,"[41, 41, 40, 38]",10,160,48
16,4,pushups,4,"[3, 4, 3, 1]",8.33,11,11
16,4,squats,4,"[9, 9, 8, 7]",10,33,23.1
16,4,situps,4,"[1, 1, 1, 1]",6.93,4,6
16,4,plank_seconds,4,"[41, 40, 40, 38]",10,159,47.7
17,4,pushups,4,"[7, 6, 5, 5]",8.38,23,23
17,4,squats,4,"[15, 14, 13, 13]",10,55,38.5
17,4,situps,4,"[4, 2, 2, 2]",7.19,10,15
17,4,plank_seconds,4,"[67, 65, 66, 63]",10,261,78.3
17,4,pushups,4,"[8, 7, 6, 5]",8.38,26,26
17,4,squats,4,"[15, 14, 13, 12]",10,54,37.8
17,4,situps,4,"[4, 2, 1, 1]",7.19,8,12
17,4,plank_seconds,4,"[66, 65, 64, 64]",10,259,77.7
17,4,pushups,4,"[7, 7, 5, 5]",8.38,24,24
17,4,squats,4,"[16, 14, 13, 12]",10,55,38.5
17,4,situps,4,"[4, 2, 1, 1]",7.19,8,12
17,4,plank_seconds,4,"[66, 65, 63, 64]",10,258,77.4
18,4,pushups,4,"[8, 8, 7, 5]",8.31,28,28
18,4,squats,4,"[18, 17, 16, 14]",10,65,45.5
18,4,situps,4,"[4, 2, 2, 1]",7.03,9,13.5
18,4,plank_seconds,4,"[76, 76, 74, 73]",10,299,89.7
18,4,pushups,4,"[8, 7, 5, 5]",8.31,25,25
18,4,squats,4,"[18, 16, 15, 15]",10,64,44.8
18,4,situps,4,"[4, 2, 1, 1]",7.03,8,12
18,4,plank_seconds,4,"[77, 76, 74, 74]",10,301,90.3
18,4,pushups,4,"[9, 7, 7, 5]",8.31,28,28
18,4,squats,4,"[17, 17, 15, 15]",10,64,44.8
18,4,situps,4,"[3, 2, 1, 1]",7.03,7,10.5
18,4,plank_seconds,4,"[77, 75, 74, 73]",10,299,89.7
19,4,pushups,4,"[2, 1, 1, 1]",8.23,5,5
19,4,squats,4,"[6, 4, 3, 3]",10,16,11.2
19,4,situps,4,"[1, 1, 1, 1]",6.74,4,6
19,4,plank_seconds,4,"[25, 25, 23, 23]",10,96,28.8
19,4,pushups,4,"[2, 2, 1, 1]",8.23,6,6
19,4,squats,4,"[5, 5, 4, 2]",10,16,11.2
19,4,situps,4,"[1, 1, 1, 1]",6.74,4,6
19,4,plank_seconds,4,"[26, 24, 24, 22]",10,96,28.8
19,4,pushups,4,"[3, 1, 1, 1]",8.23,6,6
19,4,squats,4,"[6, 4, 3, 4]",10,17,11.9
19,4,situps,4,"[1, 1, 1, 1]",6.74,4,6
19,4,plank_seconds,4,"[25, 24, 24, 23]",10,96,28.8
20,4,pushups,4,"[1, 1, 2, 1]",8.17,5,5
20,4,squats,4,"[6, 5, 4, 2]",10,17,11.9
20,4,situps,4,"[1, 1, 1, 1]",6.72,4,6
20,4,plank_seconds,4,"[26, 25, 25, 24]",10,100,30
20,4,pushups,4,"[2, 2, 1, 1]",8.17,6,6
20,4,squats,4,"[5, 5, 4, 3]",10,17,11.9
20,4,situps,4,"[1, 1, 1, 1]",6.72,4,6
20,4,plank_seconds,4,"[27, 25, 24, 24]",10,100,30
20,4,pushups,4,"[2, 1, 1, 1]",8.17,5,5
20,4,squats,4,"[5, 3, 4, 2]",10,14,9.8
20,4,situps,4,"[2, 1, 1, 1]",6.72,5,7.5
20,4,plank_seconds,4,"[27, 25, 25, 23]",10,100,30
21,4,pushups,4,"[8, 6, 6, 5]",8.19,25,25
21,4,squats,4,"[18, 18, 17, 15]",10,68,47.6
21,4,situps,4,"[3, 2, 1, 1]",6.97,7,10.5
21,4,plank_seconds,4,"[81, 80, 79, 78]",10,318,95.4
21,4,pushups,4,"[9, 8, 6, 6]",8.19,29,29
21,4,squats,4,"[18, 17, 17, 15]",10,67,46.9
21,4,situps,4,"[4, 1, 2, 1]",6.97,8,12
21,4,plank_seconds,4,"[81, 80, 80, 78]",10,319,95.7
21,4,pushups,4,"[8, 6, 6, 5]",8.19,25,25
21,4,squats,4,"[19, 17, 16, 16]",10,68,47.6
21,4,situps,4,"[4, 2, 2, 1]",6.97,9,13.5
21,4,plank_seconds,4,"[82, 80, 78, 78]",10,318,95.4
22,4,pushups,4,"[5, 4, 3, 1]",8.4,13,13
22,4,squats,4,"[12, 10, 10, 8]",10,40,28
22,4,situps,4,"[3, 2, 1, 1]",7.2,7,10.5
22,4,plank_seconds,4,"[50, 48, 48, 46]",10,192,57.6
22,4,pushups,4,"[6, 5, 4, 3]",8.4,18,18
22,4,squats,4,"[11, 10, 10, 9]",10,40,28
22,4,situps,4,"[3, 2, 1, 1]",7.2,7,10.5
22,4,plank_seconds,4,"[50, 47, 48, 47]",10,192,57.6
22,4,pushups,4,"[6, 4, 4, 4]",8.4,18,18
22,4,squats,4,"[11, 11, 10, 8]",10,40,28
22,4,situps,4,"[3, 2, 1, 1]",7.2,7,10.5
22,4,plank_seconds,4,"[49, 48, 48, 47]",10,192,57.6
23,4,pushups,4,"[7, 6, 5, 3]",8.38,21,21
23,4,squats,4,"[14, 12, 13, 10]",10,49,34.3
23,4,situps,4,"[4, 2, 1, 1]",7.02,8,12
23,4,plank_seconds,4,"[58, 57, 56, 55]",10,226,67.8
23,4,pushups,4,"[6, 6, 5, 4]",8.38,21,21
23,4,squats,4,"[12, 13, 11, 11]",10,47,32.9
23,4,situps,4,"[3, 2, 1, 1]",7.02,7,10.5
23,4,plank_seconds,4,"[58, 57, 56, 55]",10,226,67.8
23,4,pushups,4,"[6, 5, 5, 4]",8.38,20,20
23,4,squats,4,"[13, 13, 12, 10]",10,48,33.6
23,4,situps,4,"[3, 2, 1, 1]",7.02,7,10.5
23,4,plank_seconds,4,"[57, 57, 55, 54]",10,223,66.9
24,4,pushups,4,"[3, 2, 1, 1]",8.05,7,7
24,4,squats,4,"[8, 7, 7, 5]",10,27,18.9
24,4,situps,4,"[1, 1, 1, 1]",7.03,4,6
24,4,plank_seconds,4,"[38, 36, 37, 35]",10,146,43.8
24,4,pushups,4,"[3, 3, 2, 1]",8.05,9,9
24,4,squats,4,"[10, 7, 6, 6]",10,29,20.3
24,4,situps,4,"[2, 1, 1, 1]",7.03,5,7.5
24,4,plank_seconds,4,"[37, 36, 36, 34]",10,143,42.9
25,4,pushups,4,"[9, 8, 6, 6]",8.29,29,29
25,4,squats,4,"[18, 17, 16, 16]",10,67,46.9
25,4,situps,4,"[3, 3, 1, 1]",7.02,8,12
25,4,plank_seconds,4,"[78, 76, 75, 75]",10,304,91.2
25,4,pushups,4,"[9, 7, 7, 6]",8.29,29,29
25,4,squats,4,"[18, 17, 16, 16]",10,67,46.9
25,4,situps,4,"[4, 3, 2, 1]",7.02,10,15
25,4,plank_seconds,4,"[79, 77, 75, 74]",10,305,91.5
25,4,pushups,4,"[9, 8, 6, 6]",8.29,29,29
25,4,squats,4,"[17, 17, 16, 15]",10,65,45.5
25,4,situps,4,"[3, 2, 1, 1]",7.02,7,10.5
25,4,plank_seconds,4,"[78, 77, 76, 75]",10,306,91.8
26,4,pushups,4,"[5, 4, 3, 2]",8.34,14,14
26,4,squats,4,"[12, 10, 10, 9]",10,41,28.7
26,4,situps,4,"[2, 1, 1, 1]",7.17,5,7.5
26,4,plank_seconds,4,"[50, 50, 49, 47]",10,196,58.8
26,4,pushups,4,"[5, 5, 3, 3]",8.34,16,16
26,4,squats,4,"[11, 11, 11, 8]",10,41,28.7
26,4,situps,4,"[3, 1, 1, 1]",7.17,6,9
26,4,plank_seconds,4,"[51, 49, 48, 47]",10,195,58.5
26,4,pushups,4,"[6, 4, 4, 2]",8.34,16,16
26,4,squats,4,"[11, 11, 9, 9]",10,40,28
26,4,situps,4,"[3, 1, 1, 1]",7.17,6,9
26,4,plank_seconds,4,"[50, 49, 49, 47]",10,195,58.5
27,4,pushups,4,"[8, 6, 5, 5]",8.22,24,24
27,4,squats,4,"[16, 16, 15, 13]",10,60,42
27,4,situps,4,"[3, 2, 2, 1]",7.11,8,12
27,4,plank_seconds,4,"[71, 71, 69, 68]",10,279,83.7
28,4,pushups,4,"[4, 2, 1, 1]",7.96,8,8
28,4,squats,4,"[9, 8, 6, 5]",10,28,19.6
28,4,situps,4,"[2, 1, 1, 1]",6.98,5,7.5
28,4,plank_seconds,4,"[39, 38, 38, 36]",10,151,45.3
28,4,pushups,4,"[4, 2, 1, 1]",7.96,8,8
28,4,squats,4,"[8, 8, 6, 5]",10,27,18.9
28,4,situps,4,"[2, 1, 1, 1]",6.98,5,7.5
28,4,plank_seconds,4,"[40, 39, 38, 36]",10,153,45.9
29,4,pushups,4,"[4, 2, 1, 1]",8.12,8,8
29,4,squats,4,"[9, 7, 7, 6]",10,29,20.3
29,4,situps,4,"[1, 1, 1, 1]",7.06,4,6
29,4,plank_seconds,4,"[36, 35, 34, 33]",10,138,41.4
29,4,pushups,4,"[3, 2, 1, 2]",8.12,8,8
29,4,squats,4,"[9, 7, 7, 5]",10,28,19.6
29,4,situps,4,"[2, 1, 1, 1]",7.06,5,7.5
29,4,plank_seconds,4,"[37, 35, 34, 33]",10,139,41.7
29,4,pushups,4,"[3, 3, 1, 1]",8.12,8,8
29,4,squats,4,"[9, 8, 6, 5]",10,28,19.6
29,4,situps,4,"[2, 1, 1, 1]",7.06,5,7.5
29,4,plank_seconds,4,"[37, 36, 34, 34]",10,141,42.3
0,5,pushups,4,"[4, 2, 2, 2]",8.05,10,10
0,5,squats,4,"[10, 10, 8, 8]",10,36,25.2
0,5,situps,4,"[1, 1, 1, 1]",6.82,4,6
0,5,plank_seconds,4,"[47, 47, 46, 45]",10,185,55.5
0,5,pushups,4,"[4, 4, 2, 1]",8.05,11,11
0,5,squats,4,"[12, 10, 8, 6]",10,36,25.2
0,5,situps,4,"[2, 1, 1, 1]",6.82,5,7.5
0,5,plank_seconds,4,"[48, 47, 45, 45]",10,185,55.5
1,5,pushups,4,"[4, 3, 2, 1]",8.19,10,10
1,5,squats,4,"[8, 6, 6, 4]",10,24,16.8
1,5,situps,4,"[1, 1, 1, 1]",7.1,4,6
1,5,plank_seconds,4,"[35, 34, 34, 33]",10,136,40.8
1,5,pushups,4,"[4, 3, 2, 1]",8.19,10,10
1,5,squats,4,"[7, 6, 6, 5]",10,24,16.8
1,5,situps,4,"[1, 1, 1, 1]",7.1,4,6
1,5,plank_seconds,4,"[36, 34, 34, 32]",10,136,40.8
1,5,pushups,4,"[3, 2, 1, 1]",8.19,7,7
1,5,squats,4,"[7, 7, 6, 4]",10,24,16.8
1,5,situps,4,"[2, 1, 1, 1]",7.1,5,7.5
1,5,plank_seconds,4,"[36, 34, 34, 32]",10,136,40.8
2,5,pushups,4,"[16, 15, 15, 12]",8.29,58,58
2,5,squats,4,"[33, 31, 31, 29]",10,124,86.8
2,5,situps,4,"[7, 7, 5, 4]",7.14,23,34.5
2,5,plank_seconds,4,"[138, 138, 137, 136]",10,549,164.7
2,5,pushups,4,"[16, 14, 13, 12]",8.29,55,55
2,5,squats,4,"[32, 32, 31, 29]",10,124,86.8
2,5,situps,4,"[8, 6, 5, 4]",7.14,23,34.5
2,5,plank_seconds,4,"[138, 137, 137, 136]",10,548,164.4
2,5,pushups,4,"[15, 15, 13, 12]",8.29,55,55
2,5,squats,4,"[34, 31, 30, 30]",10,125,87.5
2,5,situps,4,"[6, 6, 7, 4]",7.14,23,34.5
2,5,plank_seconds,4,"[138, 137, 137, 136]",10,548,164.4
3,5,pushups,4,"[6, 5, 4, 2]",8.39,17,17
3,5,squats,4,"[10, 10, 9, 8]",10,37,25.9
3,5,situps,4,"[2, 2, 1, 1]",7.19,6,9
3,5,plank_seconds,4,"[50, 49, 48, 47]",10,194,58.2
3,5,pushups,4,"[6, 6, 3, 2]",8.39,17,17
3,5,squats,4,"[11, 11, 10, 8]",10,40,28
3,5,situps,4,"[2, 2, 1, 1]",7.19,6,9
3,5,plank_seconds,4,"[49, 48, 47, 46]",10,190,57
3,5,pushups,4,"[6, 5, 3, 3]",8.39,17,17
3,5,squats,4,"[11, 11, 9, 8]",10,39,27.3
3,5,situps,4,"[3, 2, 1, 1]",7.19,7,10.5
3,5,plank_seconds,4,"[50, 48, 48, 47]",10,193,57.9
4,5,pushups,4,"[11, 11, 10, 8]",8.31,40,40
4,5,squats,4,"[23, 23, 22, 20]",10,88,61.6
4,5,situps,4,"[5, 4, 4, 3]",7.15,16,24
4,5,plank_seconds,4,"[102, 102, 100, 100]",10,404,121.2
4,5,pushups,4,"[12, 10, 9, 7]",8.31,38,38
4,5,squats,4,"[23, 22, 22, 20]",10,87,60.9
4,5,situps,4,"[5, 4, 4, 3]",7.15,16,24
4,5,plank_seconds,4,"[102, 101, 100, 100]",10,403,120.9
4,5,pushups,4,"[12, 10, 9, 8]",8.31,39,39
4,5,squats,4,"[22, 23, 21, 21]",10,87,60.9
4,5,situps,4,"[5, 4, 3, 2]",7.15,14,21
4,5,plank_seconds,4,"[102, 102, 100, 100]",10,404,121.2
5,5,pushups,4,"[5, 4, 4, 2]",8.31,15,15
5,5,squats,4,"[12, 10, 9, 9]",10,40,28
5,5,situps,4,"[2, 2, 1, 1]",7.16,6,9
5,5,plank_seconds,4,"[49, 49, 49, 48]",10,195,58.5
5,5,pushups,4,"[5, 4, 4, 3]",8.31,16,16
5,5,squats,4,"[10, 10, 9, 9]",10,38,26.6
5,5,situps,4,"[4, 1, 1, 1]",7.16,7,10.5
5,5,plank_seconds,4,"[51, 50, 48, 48]",10,197,59.1
5,5,pushups,4,"[6, 4, 4, 3]",8.31,17,17
5,5,squats,4,"[12, 10, 9, 9]",10,40,28
5,5,situps,4,"[2, 2, 1, 1]",7.16,6,9
5,5,plank_seconds,4,"[50, 50, 49, 47]",10,196,58.8
6,5,pushups,4,"[14, 13, 11, 10]",8.26,48,48
6,5,squats,4,"[29, 27, 27, 26]",10,109,76.3
6,5,situps,4,"[5, 6, 4, 3]",7.13,18,27
6,5,plank_seconds,4,"[122, 122, 121, 120]",10,485,145.5
6,5,pushups,4,"[13, 12, 12, 10]",8.26,47,47
6,5,squats,4,"[29, 28, 27, 26]",10,110,77
6,5,situps,4,"[6, 6, 4, 4]",7.13,20,30
6,5,plank_seconds,4,"[122, 121, 121, 118]",10,482,144.6
6,5,pushups,4,"[13, 12, 12, 10]",8.26,47,47
6,5,squats,4,"[28, 27, 27, 26]",10,108,75.6
6,5,situps,4,"[6, 6, 5, 3]",7.13,20,30
6,5,plank_seconds,4,"[122, 121, 120, 120]",10,483,144.9
7,5,pushups,4,"[6, 4, 4, 2]",8.19,16,16
7,5,squats,4,"[13, 11, 11, 10]",10,45,31.5
7,5,situps,4,"[2, 2, 1, 1]",7.09,6,9
7,5,plank_seconds,4,"[53, 54, 51, 51]",10,209,62.7
7,5,pushups,4,"[6, 4, 3, 3]",8.19,16,16
7,5,squats,4,"[12, 11, 11, 9]",10,43,30.1
7,5,situps,4,"[2, 2, 1, 1]",7.09,6,9
7,5,plank_seconds,4,"[53, 52, 52, 50]",10,207,62.1
7,5,pushups,4,"[5, 5, 3, 2]",8.19,15,15
7,5,squats,4,"[13, 11, 10, 9]",10,43,30.1
7,5,situps,4,"[3, 1, 1, 1]",7.09,6,9
7,5,plank_seconds,4,"[54, 52, 51, 50]",10,207,62.1
8,5,pushups,4,"[4, 4, 3, 2]",8.28,13,13
8,5,squats,4,"[9, 10, 8, 6]",10,33,23.1
8,5,situps,4,"[2, 2, 1, 1]",6.91,6,9
8,5,plank_seconds,4,"[41, 42, 41, 39]",10,163,48.9
8,5,pushups,4,"[4, 2, 3, 2]",8.28,11,11
8,5,squats,4,"[9, 9, 7, 7]",10,32,22.4
8,5,situps,4,"[1, 1, 1, 1]",6.91,4,6
8,5,plank_seconds,4,"[43, 41, 40, 39]",10,163,48.9
9,5,pushups,4,"[16, 14, 13, 12]",8.34,55,55
9,5,squats,4,"[32, 31, 29, 29]",10,121,84.7
9,5,situps,4,"[8, 7, 5, 4]",7.17,24,36
9,5,plank_seconds,4,"[136, 134, 134, 132]",10,536,160.8
9,5,pushups,4,"[16, 14, 14, 13]",8.34,57,57
9,5,squats,4,"[31, 31, 28, 28]",10,118,82.6
9,5,situps,4,"[7, 6, 5, 5]",7.17,23,34.5
9,5,plank_seconds,4,"[136, 135, 133, 133]",10,537,161.1
10,5,pushups,4,"[4, 3, 2, 1]",8.04,10,10
10,5,squats,4,"[8, 7, 6, 6]",10,27,18.9
10,5,situps,4,"[2, 1, 1, 1]",7.02,5,7.5
10,5,plank_seconds,4,"[38, 37, 36, 35]",10,146,43.8
10,5,pushups,4,"[4, 2, 1, 1]",8.04,8,8
10,5,squats,4,"[9, 7, 7, 6]",10,29,20.3
10,5,situps,4,"[1, 1, 1, 1]",7.02,4,6
10,5,plank_seconds,4,"[37, 37, 36, 35]",10,145,43.5
10,5,pushups,4,"[3, 3, 2, 1]",8.04,9,9
10,5,squats,4,"[9, 8, 7, 6]",10,30,21
10,5,situps,4,"[1, 1, 1, 1]",7.02,4,6
10,5,plank_seconds,4,"[39, 38, 37, 36]",10,150,45
11,5,pushups,4,"[3, 3, 3, 1]",8.19,10,10
11,5,squats,4,"[9, 8, 8, 7]",10,32,22.4
11,5,situps,4,"[1, 1, 1, 1]",6.87,4,6
11,5,plank_seconds,4,"[45, 44, 43, 43]",10,175,52.5
12,5,pushups,4,"[10, 9, 8, 7]",8.33,34,34
12,5,squats,4,"[21, 20, 19, 19]",10,79,55.3
12,5,situps,4,"[4, 3, 3, 1]",7.06,11,16.5
12,5,plank_seconds,4,"[93, 93, 91, 89]",10,366,109.8
12,5,pushups,4,"[11, 10, 10, 8]",8.33,39,39
12,5,squats,4,"[22, 20, 20, 19]",10,81,56.7
12,5,situps,4,"[3, 4, 4, 2]",7.06,13,19.5
12,5,plank_seconds,4,"[94, 92, 91, 91]",10,368,110.4
12,5,pushups,4,"[9, 9, 8, 8]",8.33,34,34
12,5,squats,4,"[22, 21, 20, 18]",10,81,56.7
12,5,situps,4,"[5, 4, 3, 1]",7.06,13,19.5
12,5,plank_seconds,4,"[94, 92, 92, 90]",10,368,110.4
13,5,pushups,4,"[3, 1, 1, 1]",8,6,6
13,5,squats,4,"[6, 5, 5, 4]",10,20,14
13,5,situps,4,"[1, 1, 1, 1]",6.67,4,6
13,5,plank_seconds,4,"[28, 26, 27, 25]",10,106,31.8
13,5,pushups,4,"[2, 1, 1, 1]",8,5,5
13,5,squats,4,"[6, 6, 4, 3]",10,19,13.3
13,5,situps,4,"[1, 1, 1, 1]",6.67,4,6
13,5,plank_seconds,4,"[28, 27, 26, 26]",10,107,32.1
13,5,pushups,4,"[3, 1, 1, 1]",8,6,6
13,5,squats,4,"[6, 5, 4, 3]",10,18,12.6
13,5,situps,4,"[1, 1, 1, 1]",6.67,4,6
13,5,plank_seconds,4,"[29, 28, 26, 26]",10,109,32.7
14,5,pushups,4,"[9, 8, 7, 6]",8.31,30,30
14,5,squats,4,"[20, 18, 19, 17]",10,74,51.8
14,5,situps,4,"[5, 4, 4, 1]",7.15,14,21
14,5,plank_seconds,4,"[85, 84, 84, 82]",10,335,100.5
14,5,pushups,4,"[10, 9, 8, 6]",8.31,33,33
14,5,squats,4,"[19, 19, 17, 17]",10,72,50.4
14,5,situps,4,"[5, 4, 2, 2]",7.15,13,19.5
14,5,plank_seconds,4,"[86, 84, 83, 82]",10,335,100.5
14,5,pushups,4,"[10, 9, 7, 6]",8.31,32,32
14,5,squats,4,"[19, 18, 18, 16]",10,71,49.7
14,5,situps,4,"[4, 3, 3, 1]",7.15,11,16.5
14,5,plank_seconds,4,"[85, 84, 84, 82]",10,335,100.5
15,5,pushups,4,"[3, 1, 1, 1]",7.81,6,6
15,5,squats,4,"[8, 5, 5, 3]",10,21,14.7
15,5,situps,4,"[1, 1, 1, 1]",6.6,4,6
15,5,plank_seconds,4,"[32, 32, 31, 30]",10,125,37.5
15,5,pushups,4,"[2, 1, 1, 1]",7.81,5,5
15,5,squats,4,"[6, 5, 4, 2]",10,17,11.9
15,5,situps,4,"[1, 1, 1, 1]",6.6,4,6
15,5,plank_seconds,4,"[32, 31, 32, 30]",10,125,37.5
15,5,pushups,4,"[2, 2, 1, 1]",7.81,6,6
15,5,squats,4,"[6, 4, 4, 4]",10,18,12.6
15,5,situps,4,"[1, 1, 1, 1]",6.6,4,6
15,5,plank_seconds,4,"[33, 32, 30, 30]",10,125,37.5
16,5,pushups,4,"[5, 3, 2, 1]",8.33,11,11
16,5,squats,4,"[9, 9, 8, 7]",10,33,23.1
16,5,situps,4,"[1, 1, 1, 1]",6.93,4,6
16,5,plank_seconds,4,"[41, 41, 39, 39]",10,160,48
16,5,pushups,4,"[4, 3, 2, 1]",8.33,10,10
16,5,squats,4,"[10, 9, 9, 7]",10,35,24.5
16,5,situps,4,"[2, 1, 1, 1]",6.93,5,7.5
16,5,plank_seconds,4,"[42, 41, 39, 38]",10,160,48
16,5,pushups,4,"[4, 4, 2, 1]",8.33,11,11
16,5,squats,4,"[10, 9, 8, 7]",10,34,23.8
16,5,situps,4,"[2, 1, 1, 1]",6.93,5,7.5
16,5,plank_seconds,4,"[41, 41, 39, 38]",10,159,47.7
17,5,pushups,4,"[7, 6, 7, 4]",8.38,24,24
17,5,squats,4,"[15, 15, 14, 13]",10,57,39.9
17,5,situps,4,"[4, 2, 1, 1]",7.19,8,12
17,5,plank_seconds,4,"[66, 65, 65, 64]",10,260,78
17,5,pushups,4,"[7, 7, 5, 5]",8.38,24,24
17,5,squats,4,"[16, 15, 14, 13]",10,58,40.6
17,5,situps,4,"[4, 3, 2, 1]",7.19,10,15
17,5,plank_seconds,4,"[67, 65, 65, 63]",10,260,78
17,5,pushups,4,"[7, 7, 6, 6]",8.38,26,26
17,5,squats,4,"[15, 14, 14, 13]",10,56,39.2
17,5,situps,4,"[4, 3, 1, 1]",7.19,9,13.5
17,5,plank_seconds,4,"[67, 65, 64, 64]",10,260,78
18,5,pushups,4,"[9, 8, 6, 5]",8.31,28,28
18,5,squats,4,"[16, 16, 16, 14]",10,62,43.4
18,5,situps,4,"[4, 2, 2, 1]",7.03,9,13.5
18,5,plank_seconds,4,"[77, 75, 74, 73]",10,299,89.7
18,5,pushups,4,"[9, 8, 7, 6]",8.31,30,30
18,5,squats,4,"[18, 16, 15, 14]",10,63,44.1
18,5,situps,4,"[4, 3, 2, 1]",7.03,10,15
18,5,plank_seconds,4,"[76, 76, 75, 73]",10,300,90
18,5,pushups,4,"[8, 7, 7, 4]",8.31,26,26
18,5,squats,4,"[18, 16, 15, 15]",10,64,44.8
18,5,situps,4,"[4, 3, 2, 2]",7.03,11,16.5
18,5,plank_seconds,4,"[77, 75, 75, 74]",10,301,90.3
19,5,pushups,4,"[2, 1, 1, 1]",8.23,5,5
19,5,squats,4,"[5, 5, 4, 2]",10,16,11.2
19,5,situps,4,"[1, 1, 1, 1]",6.74,4,6
19,5,plank_seconds,4,"[25, 26, 23, 22]",10,96,28.8
19,5,pushups,4,"[2, 1, 1, 1]",8.23,5,5
19,5,squats,4,"[5, 5, 3, 2]",10,15,10.5
19,5,situps,4,"[1, 1, 1, 1]",6.74,4,6
19,5,plank_seconds,4,"[26, 25, 23, 23]",10,97,29.1
19,5,pushups,4,"[2, 2, 1, 1]",8.23,6,6
19,5,squats,4,"[6, 4, 3, 2]",10,15,10.5
19,5,situps,4,"[1, 1, 1, 1]",6.74,4,6
19,5,plank_seconds,4,"[26, 25, 24, 22]",10,97,29.1
20,5,pushups,4,"[3, 2, 1, 1]",8.17,7,7
20,5,squats,4,"[5, 4, 3, 3]",10,15,10.5
20,5,situps,4,"[1, 1, 1, 1]",6.72,4,6
20,5,plank_seconds,4,"[27, 26, 25, 22]",10,100,30
20,5,pushups,4,"[3, 1, 1, 1]",8.17,6,6
20,5,squats,4,"[5, 5, 3, 1]",10,14,9.8
20,5,situps,4,"[1, 1, 1, 1]",6.72,4,6
20,5,plank_seconds,4,"[27, 25, 25, 23]",10,100,30
20,5,pushups,4,"[2, 1, 1, 1]",8.17,5,5
20,5,squats,4,"[6, 5, 3, 2]",10,16,11.2
20,5,situps,4,"[1, 1, 1, 1]",6.72,4,6
20,5,plank_seconds,4,"[27, 25, 24, 23]",10,99,29.7
21,5,pushups,4,"[8, 8, 6, 6]",8.19,28,28
21,5,squats,4,"[19, 16, 18, 15]",10,68,47.6
21,5,situps,4,"[2, 3, 2, 1]",6.97,8,12
21,5,plank_seconds,4,"[82, 81, 80, 79]",10,322,96.6
21,5,pushups,4,"[8, 8, 6, 6]",8.19,28,28
21,5,squats,4,"[19, 18, 16, 15]",10,68,47.6
21,5,situps,4,"[4, 3, 2, 1]",6.97,10,15
21,5,plank_seconds,4,"[82, 82, 79, 78]",10,321,96.3
21,5,pushups,4,"[8, 8, 7, 5]",8.19,28,28
21,5,squats,4,"[19, 17, 16, 16]",10,68,47.6
21,5,situps,4,"[2, 2, 3, 1]",6.97,8,12
21,5,plank_seconds,4,"[81, 80, 79, 79]",10,319,95.7
22,5,pushups,4,"[5, 5, 4, 3]",8.4,17,17
22,5,squats,4,"[11, 11, 9, 9]",10,40,28
22,5,situps,4,"[2, 1, 1, 1]",7.2,5,7.5
22,5,plank_seconds,4,"[49, 48, 48, 46]",10,191,57.3
22,5,pushups,4,"[5, 5, 3, 2]",8.4,15,15
22,5,squats,4,"[12, 10, 10, 9]",10,41,28.7
22,5,situps,4,"[3, 2, 1, 1]",7.2,7,10.5
22,5,plank_seconds,4,"[49, 50, 48, 47]",10,194,58.2
22,5,pushups,4,"[6, 5, 3, 2]",8.4,16,16
22,5,squats,4,"[12, 11, 10, 8]",10,41,28.7
22,5,situps,4,"[2, 2, 1, 1]",7.2,6,9
22,5,plank_seconds,4,"[50, 48, 47, 46]",10,191,57.3
23,5,pushups,4,"[7, 5, 5, 4]",8.38,21,21
23,5,squats,4,"[13, 13, 11, 11]",10,48,33.6
23,5,situps,4,"[3, 2, 1, 1]",7.02,7,10.5
23,5,plank_seconds,4,"[57, 56, 55, 55]",10,223,66.9
23,5,pushups,4,"[6, 5, 4, 3]",8.38,18,18
23,5,squats,4,"[14, 12, 11, 10]",10,47,32.9
23,5,situps,4,"[3, 2, 1, 1]",7.02,7,10.5
23,5,plank_seconds,4,"[58, 56, 55, 54]",10,223,66.9
24,5,pushups,4,"[4, 2, 1, 1]",8.05,8,8
24,5,squats,4,"[8, 8, 7, 5]",10,28,19.6
24,5,situps,4,"[2, 1, 1, 1]",7.03,5,7.5
24,5,plank_seconds,4,"[38, 37, 36, 35]",10,146,43.8
24,5,pushups,4,"[3, 2, 3, 1]",8.05,9,9
24,5,squats,4,"[10, 8, 7, 6]",10,31,21.7
24,5,situps,4,"[1, 1, 1, 1]",7.03,4,6
24,5,plank_seconds,4,"[37, 37, 36, 34]",10,144,43.2
24,5,pushups,4,"[3, 2, 1, 1]",8.05,7,7
24,5,squats,4,"[8, 8, 6, 6]",10,28,19.6
24,5,situps,4,"[1, 1, 1, 1]",7.03,4,6
24,5,plank_seconds,4,"[38, 36, 35, 35]",10,144,43.2
25,5,pushups,4,"[9, 8, 6, 6]",8.29,29,29
25,5,squats,4,"[18, 17, 15, 14]",10,64,44.8
25,5,situps,4,"[3, 3, 2, 1]",7.02,9,13.5
25,5,plank_seconds,4,"[77, 77, 76, 75]",10,305,91.5
25,5,pushups,4,"[9, 8, 7, 6]",8.29,30,30
25,5,squats,4,"[18, 16, 15, 14]",10,63,44.1
25,5,situps,4,"[4, 2, 2, 1]",7.02,9,13.5
25,5,plank_seconds,4,"[78, 77, 76, 74]",10,305,91.5
26,5,pushups,4,"[6, 4, 4, 3]",8.34,17,17
26,5,squats,4,"[12, 11, 9, 9]",10,41,28.7
26,5,situps,4,"[2, 1, 1, 1]",7.17,5,7.5
26,5,plank_seconds,4,"[50, 50, 48, 48]",10,196,58.8
26,5,pushups,4,"[6, 5, 3, 3]",8.34,17,17
26,5,squats,4,"[13, 10, 10, 8]",10,41,28.7
26,5,situps,4,"[2, 1, 1, 1]",7.17,5,7.5
26,5,plank_seconds,4,"[50, 50, 48, 48]",10,196,58.8
26,5,pushups,4,"[5, 4, 4, 2]",8.34,15,15
26,5,squats,4,"[12, 10, 10, 8]",10,40,28
26,5,situps,4,"[2, 2, 1, 1]",7.17,6,9
26,5,plank_seconds,4,"[50, 50, 49, 49]",10,198,59.4
27,5,pushups,4,"[8, 6, 6, 5]",8.22,25,25
27,5,squats,4,"[16, 16, 14, 13]",10,59,41.3
27,5,situps,4,"[4, 2, 2, 1]",7.11,9,13.5
27,5,plank_seconds,4,"[71, 70, 70, 68]",10,279,83.7
27,5,pushups,4,"[7, 6, 5, 4]",8.22,22,22
27,5,squats,4,"[16, 17, 14, 13]",10,60,42
27,5,situps,4,"[3, 2, 2, 1]",7.11,8,12
27,5,plank_seconds,4,"[71, 70, 70, 68]",10,279,83.7
27,5,pushups,4,"[8, 5, 6, 5]",8.22,24,24
27,5,squats,4,"[16, 15, 15, 13]",10,59,41.3
27,5,situps,4,"[3, 2, 1, 1]",7.11,7,10.5
27,5,plank_seconds,4,"[72, 71, 70, 68]",10,281,84.3
28,5,pushups,4,"[3, 3, 1, 1]",7.96,8,8
28,5,squats,4,"[8, 9, 5, 5]",10,27,18.9
28,5,situps,4,"[2, 1, 1, 1]",6.98,5,7.5
28,5,plank_seconds,4,"[39, 37, 38, 36]",10,150,45
28,5,pushups,4,"[3, 2, 2, 2]",7.96,9,9
28,5,squats,4,"[9, 7, 6, 6]",10,28,19.6
28,5,situps,4,"[2, 1, 1, 1]",6.98,5,7.5
28,5,plank_seconds,4,"[40, 38, 38, 37]",10,153,45.9
28,5,pushups,4,"[3, 2, 2, 1]",7.96,8,8
28,5,squats,4,"[8, 6, 7, 6]",10,27,18.9
28,5,situps,4,"[2, 1, 1, 1]",6.98,5,7.5
28,5,plank_seconds,4,"[39, 37, 37, 36]",10,149,44.7
29,5,pushups,4,"[3, 3, 2, 1]",8.12,9,9
29,5,squats,4,"[9, 8, 6, 6]",10,29,20.3
29,5,situps,4,"[2, 1, 1, 1]",7.06,5,7.5
29,5,plank_seconds,4,"[36, 36, 35, 34]",10,141,42.3
29,5,pushups,4,"[3, 2, 1, 1]",8.12,7,7
29,5,squats,4,"[8, 8, 7, 6]",10,29,20.3
29,5,situps,4,"[1, 1, 1, 1]",7.06,4,6
29,5,plank_seconds,4,"[36, 35, 35, 33]",10,139,41.7
29,5,pushups,4,"[4, 2, 1, 1]",8.12,8,8
29,5,squats,4,"[8, 7, 6, 6]",10,27,18.9
29,5,situps,4,"[2, 1, 1, 1]",7.06,5,7.5
29,5,plank_seconds,4,"[36, 35, 35, 34]",10,140,42
0,6,pushups,4,"[4, 4, 2, 1]",8.05,11,11
0,6,squats,4,"[11, 9, 8, 7]",10,35,24.5
0,6,situps,4,"[2, 1, 1, 1]",6.82,5,7.5
0,6,plank_seconds,4,"[48, 46, 46, 44]",10,184,55.2
0,6,pushups,4,"[4, 3, 2, 1]",8.05,10,10
0,6,squats,4,"[11, 8, 8, 7]",10,34,23.8
0,6,situps,4,"[2, 1, 1, 1]",6.82,5,7.5
0,6,plank_seconds,4,"[47, 47, 45, 44]",10,183,54.9
1,6,pushups,4,"[3, 4, 2, 1]",8.19,10,10
1,6,squats,4,"[8, 6, 6, 5]",10,25,17.5
1,6,situps,4,"[1, 1, 1, 1]",7.1,4,6
1,6,plank_seconds,4,"[35, 34, 33, 33]",10,135,40.5
1,6,pushups,4,"[3, 1, 2, 1]",8.19,7,7
1,6,squats,4,"[8, 7, 5, 4]",10,24,16.8
1,6,situps,4,"[3, 1, 1, 1]",7.1,6,9
1,6,plank_seconds,4,"[35, 34, 34, 33]",10,136,40.8
1,6,pushups,4,"[3, 3, 1, 1]",8.19,8,8
1,6,squats,4,"[7, 7, 6, 4]",10,24,16.8
1,6,situps,4,"[2, 1, 1, 1]",7.1,5,7.5
1,6,plank_seconds,4,"[35, 34, 33, 33]",10,135,40.5
2,6,pushups,4,"[16, 14, 13, 12]",8.29,55,55
2,6,squats,4,"[32, 30, 30, 29]",10,121,84.7
2,6,situps,4,"[8, 6, 5, 5]",7.14,24,36
2,6,plank_seconds,4,"[139, 138, 136, 136]",10,549,164.7
2,6,pushups,4,"[15, 14, 14, 12]",8.29,55,55
2,6,squats,4,"[33, 31, 31, 30]",10,125,87.5
2,6,situps,4,"[8, 6, 6, 5]",7.14,25,37.5
2,6,plank_seconds,4,"[139, 137, 136, 136]",10,548,164.4
3,6,pushups,4,"[5, 5, 3, 2]",8.39,15,15
3,6,squats,4,"[11, 11, 9, 8]",10,39,27.3
3,6,situps,4,"[3, 2, 1, 1]",7.19,7,10.5
3,6,plank_seconds,4,"[50, 48, 47, 46]",10,191,57.3
3,6,pushups,4,"[6, 5, 4, 3]",8.39,18,18
3,6,squats,4,"[11, 10, 9, 9]",10,39,27.3
3,6,situps,4,"[3, 2, 1, 1]",7.19,7,10.5
3,6,plank_seconds,4,"[50, 49, 47, 48]",10,194,58.2
3,6,pushups,4,"[6, 5, 4, 3]",8.39,18,18
3,6,squats,4,"[11, 10, 10, 9]",10,40,28
3,6,situps,4,"[2, 2, 1, 1]",7.19,6,9
3,6,plank_seconds,4,"[50, 49, 48, 47]",10,194,58.2
4,6,pushups,4,"[12, 11, 9, 10]",8.31,42,42
4,6,squats,4,"[23, 22, 22, 21]",10,88,61.6
4,6,situps,4,"[5, 5, 4, 2]",7.15,16,24
4,6,plank_seconds,4,"[104, 101, 101, 100]",10,406,121.8
4,6,pushups,4,"[12, 10, 9, 9]",8.31,40,40
4,6,squats,4,"[24, 23, 22, 20]",10,89,62.3
4,6,situps,4,"[5, 4, 3, 3]",7.15,15,22.5
4,6,plank_seconds,4,"[103, 103, 101, 100]",10,407,122.1
5,6,pushups,4,"[5, 4, 4, 3]",8.31,16,16
5,6,squats,4,"[11, 10, 9, 9]",10,39,27.3
5,6,situps,4,"[3, 1, 1, 1]",7.16,6,9
5,6,plank_seconds,4,"[50, 49, 48, 47]",10,194,58.2
5,6,pushups,4,"[6, 4, 3, 3]",8.31,16,16
5,6,squats,4,"[12, 11, 9, 9]",10,41,28.7
5,6,situps,4,"[2, 2, 1, 1]",7.16,6,9
5,6,plank_seconds,4,"[51, 49, 48, 47]",10,195,58.5
6,6,pushups,4,"[14, 13, 11, 11]",8.26,49,49
6,6,squats,4,"[29, 28, 26, 25]",10,108,75.6
6,6,situps,4,"[7, 5, 4, 4]",7.13,20,30
6,6,plank_seconds,4,"[123, 121, 121, 119]",10,484,145.2
6,6,pushups,4,"[14, 12, 11, 10]",8.26,47,47
6,6,squats,4,"[28, 27, 27, 25]",10,107,74.9
6,6,situps,4,"[7, 6, 4, 4]",7.13,21,31.5
6,6,plank_seconds,4,"[122, 121, 122, 119]",10,484,145.2
6,6,pushups,4,"[14, 13, 11, 10]",8.26,48,48
6,6,squats,4,"[28, 27, 25, 26]",10,106,74.2
6,6,situps,4,"[8, 6, 4, 3]",7.13,21,31.5
6,6,plank_seconds,4,"[122, 121, 121, 120]",10,484,145.2
7,6,pushups,4,"[6, 5, 4, 4]",8.19,19,19
7,6,squats,4,"[12, 13, 10, 9]",10,44,30.8
7,6,situps,4,"[3, 1, 1, 1]",7.09,6,9
7,6,plank_seconds,4,"[53, 53, 51, 51]",10,208,62.4
7,6,pushups,4,"[6, 5, 3, 3]",8.19,17,17
7,6,squats,4,"[12, 12, 11, 9]",10,44,30.8
7,6,situps,4,"[2, 1, 1, 1]",7.09,5,7.5
7,6,plank_seconds,4,"[53, 52, 51, 50]",10,206,61.8
7,6,pushups,4,"[5, 5, 3, 3]",8.19,16,16
7,6,squats,4,"[12, 12, 10, 10]",10,44,30.8
7,6,situps,4,"[3, 2, 1, 1]",7.09,7,10.5
7,6,plank_seconds,4,"[54, 52, 52, 50]",10,208,62.4
8,6,pushups,4,"[4, 4, 3, 2]",8.28,13,13
8,6,squats,4,"[9, 9, 7, 7]",10,32,22.4
8,6,situps,4,"[1, 1, 1, 1]",6.91,4,6
8,6,plank_seconds,4,"[43, 42, 40, 40]",10,165,49.5
8,6,pushups,4,"[4, 4, 1, 3]",8.28,12,12
8,6,squats,4,"[10, 8, 7, 7]",10,32,22.4
8,6,situps,4,"[1, 1, 1, 1]",6.91,4,6
8,6,plank_seconds,4,"[43, 42, 41, 40]",10,166,49.8
8,6,pushups,4,"[4, 4, 2, 1]",8.28,11,11
8,6,squats,4,"[10, 10, 7, 8]",10,35,24.5
8,6,situps,4,"[2, 1, 1, 1]",6.91,5,7.5
8,6,plank_seconds,4,"[42, 42, 40, 39]",10,163,48.9
9,6,pushups,4,"[15, 14, 14, 13]",8.34,56,56
9,6,squats,4,"[32, 30, 29, 29]",10,120,84
9,6,situps,4,"[8, 6, 6, 5]",7.17,25,37.5
9,6,plank_seconds,4,"[135, 134, 133, 132]",10,534,160.2
9,6,pushups,4,"[16, 15, 13, 13]",8.34,57,57
9,6,squats,4,"[31, 31, 30, 29]",10,121,84.7
9,6,situps,4,"[7, 7, 6, 4]",7.17,24,36
9,6,plank_seconds,4,"[137, 135, 133, 133]",10,538,161.4
10,6,pushups,4,"[3, 2, 1, 1]",8.04,7,7
10,6,squats,4,"[9, 8, 7, 6]",10,30,21
10,6,situps,4,"[1, 1, 1, 1]",7.02,4,6
10,6,plank_seconds,4,"[38, 37, 36, 36]",10,147,44.1
10,6,pushups,4,"[3, 2, 3, 1]",8.04,9,9
10,6,squats,4,"[7, 7, 6, 5]",10,25,17.5
10,6,situps,4,"[1, 1, 1, 1]",7.02,4,6
10,6,plank_seconds,4,"[38, 38, 36, 36]",10,148,44.4
10,6,pushups,4,"[4, 3, 1, 1]",8.04,9,9
10,6,squats,4,"[8, 7, 6, 7]",10,28,19.6
10,6,situps,4,"[1, 1, 1, 1]",7.02,4,6
10,6,plank_seconds,4,"[39, 38, 36, 35]",10,148,44.4
11,6,pushups,4,"[5, 3, 2, 1]",8.19,11,11
11,6,squats,4,"[9, 8, 8, 7]",10,32,22.4
11,6,situps,4,"[1, 1, 1, 1]",6.87,4,6
11,6,plank_seconds,4,"[45, 43, 43, 41]",10,172,51.6
11,6,pushups,4,"[5, 4, 3, 2]",8.19,14,14
11,6,squats,4,"[9, 9, 8, 6]",10,32,22.4
11,6,situps,4,"[1, 1, 1, 1]",6.87,4,6
11,6,plank_seconds,4,"[45, 44, 43, 41]",10,173,51.9
12,6,pushups,4,"[10, 10, 8, 8]",8.33,36,36
12,6,squats,4,"[21, 20, 20, 18]",10,79,55.3
12,6,situps,4,"[4, 4, 2, 1]",7.06,11,16.5
12,6,plank_seconds,4,"[94, 94, 92, 91]",10,371,111.3
12,6,pushups,4,"[11, 10, 7, 7]",8.33,35,35
12,6,squats,4,"[21, 20, 19, 18]",10,78,54.6
12,6,situps,4,"[4, 4, 3, 2]",7.06,13,19.5
12,6,plank_seconds,4,"[93, 92, 91, 90]",10,366,109.8
12,6,pushups,4,"[10, 9, 8, 8]",8.33,35,35
12,6,squats,4,"[21, 21, 20, 18]",10,80,56
12,6,situps,4,"[5, 3, 2, 2]",7.06,12,18
12,6,plank_seconds,4,"[94, 92, 91, 91]",10,368,110.4
13,6,pushups,4,"[3, 2, 1, 1]",8,7,7
13,6,squats,4,"[6, 5, 5, 3]",10,19,13.3
13,6,situps,4,"[1, 1, 1, 1]",6.67,4,6
13,6,plank_seconds,4,"[28, 28, 26, 26]",10,108,32.4
13,6,pushups,4,"[3, 2, 1, 1]",8,7,7
13,6,squats,4,"[6, 5, 4, 4]",10,19,13.3
13,6,situps,4,"[1, 1, 1, 1]",6.67,4,6
13,6,plank_seconds,4,"[28, 27, 27, 26]",10,108,32.4
14,6,pushups,4,"[9, 10, 8, 7]",8.31,34,34
14,6,squats,4,"[19, 18, 17, 17]",10,71,49.7
14,6,situps,4,"[5, 3, 2, 2]",7.15,12,18
14,6,plank_seconds,4,"[86, 85, 84, 82]",10,337,101.1
14,6,pushups,4,"[8, 9, 7, 7]",8.31,31,31
14,6,squats,4,"[20, 18, 18, 17]",10,73,51.1
14,6,situps,4,"[5, 4, 3, 1]",7.15,13,19.5
14,6,plank_seconds,4,"[85, 85, 84, 83]",10,337,101.1
15,6,pushups,4,"[4, 3, 1, 1]",7.81,9,9
15,6,squats,4,"[7, 5, 4, 3]",10,19,13.3
15,6,situps,4,"[1, 1, 1, 1]",6.6,4,6
15,6,plank_seconds,4,"[33, 32, 31, 29]",10,125,37.5
15,6,pushups,4,"[2, 1, 1, 1]",7.81,5,5
15,6,squats,4,"[5, 5, 4, 3]",10,17,11.9
15,6,situps,4,"[1, 1, 1, 1]",6.6,4,6
15,6,plank_seconds,4,"[32, 31, 32, 29]",10,124,37.2
15,6,pushups,4,"[3, 2, 1, 1]",7.81,7,7
15,6,squats,4,"[6, 6, 5, 4]",10,21,14.7
15,6,situps,4,"[1, 1, 1, 1]",6.6,4,6
15,6,plank_seconds,4,"[32, 31, 31, 29]",10,123,36.9
16,6,pushups,4,"[5, 3, 4, 2]",8.33,14,14
16,6,squats,4,"[9, 8, 7, 6]",10,30,21
16,6,situps,4,"[2, 1, 1, 1]",6.93,5,7.5
16,6,plank_seconds,4,"[41, 41, 39, 39]",10,160,48
16,6,pushups,4,"[4, 3, 1, 1]",8.33,9,9
16,6,squats,4,"[10, 8, 7, 7]",10,32,22.4
16,6,situps,4,"[1, 1, 1, 1]",6.93,4,6
16,6,plank_seconds,4,"[41, 41, 41, 39]",10,162,48.6
17,6,pushups,4,"[8, 6, 6, 5]",8.38,25,25
17,6,squats,4,"[14, 14, 14, 13]",10,55,38.5
17,6,situps,4,"[3, 2, 1, 1]",7.19,7,10.5
17,6,plank_seconds,4,"[68, 66, 66, 64]",10,264,79.2
17,6,pushups,4,"[8, 7, 6, 4]",8.38,25,25
17,6,squats,4,"[16, 15, 13, 12]",10,56,39.2
17,6,situps,4,"[4, 3, 2, 1]",7.19,10,15
17,6,plank_seconds,4,"[67, 65, 64, 63]",10,259,77.7
17,6,pushups,4,"[9, 7, 5, 5]",8.38,26,26
17,6,squats,4,"[16, 14, 14, 12]",10,56,39.2
17,6,situps,4,"[3, 1, 1, 1]",7.19,6,9
17,6,plank_seconds,4,"[67, 66, 65, 63]",10,261,78.3
18,6,pushups,4,"[9, 7, 6, 6]",8.31,28,28
18,6,squats,4,"[18, 17, 16, 15]",10,66,46.2
18,6,situps,4,"[3, 2, 2, 1]",7.03,8,12
18,6,plank_seconds,4,"[77, 75, 76, 73]",10,301,90.3
18,6,pushups,4,"[8, 8, 6, 6]",8.31,28,28
18,6,squats,4,"[18, 17, 15, 14]",10,64,44.8
18,6,situps,4,"[4, 3, 3, 1]",7.03,11,16.5
18,6,plank_seconds,4,"[76, 75, 74, 73]",10,298,89.4
19,6,pushups,4,"[3, 1, 1, 1]",8.23,6,6
19,6,squats,4,"[6, 5, 4, 3]",10,18,12.6
19,6,situps,4,"[1, 1, 1, 1]",6.74,4,6
19,6,plank_seconds,4,"[24, 24, 23, 22]",10,93,27.9
19,6,pushups,4,"[2, 2, 1, 1]",8.23,6,6
19,6,squats,4,"[6, 5, 4, 3]",10,18,12.6
19,6,situps,4,"[1, 1, 1, 1]",6.74,4,6
19,6,plank_seconds,4,"[25, 25, 23, 23]",10,96,28.8
20,6,pushups,4,"[2, 2, 1, 1]",8.17,6,6
20,6,squats,4,"[6, 4, 4, 3]",10,17,11.9
20,6,situps,4,"[1, 1, 1, 1]",6.72,4,6
20,6,plank_seconds,4,"[28, 25, 24, 23]",10,100,30
20,6,pushups,4,"[2, 2, 1, 1]",8.17,6,6
20,6,squats,4,"[5, 5, 3, 3]",10,16,11.2
20,6,situps,4,"[1, 1, 1, 1]",6.72,4,6
20,6,plank_seconds,4,"[26, 25, 25, 23]",10,99,29.7
20,6,pushups,4,"[3, 1, 1, 1]",8.17,6,6
20,6,squats,4,"[5, 4, 3, 3]",10,15,10.5
20,6,situps,4,"[1, 1, 1, 1]",6.72,4,6
20,6,plank_seconds,4,"[26, 26, 24, 24]",10,100,30
21,6,pushups,4,"[8, 8, 6, 6]",8.19,28,28
21,6,squats,4,"[20, 17, 17, 15]",10,69,48.3
21,6,situps,4,"[4, 2, 1, 1]",6.97,8,12
21,6,plank_seconds,4,"[82, 81, 80, 78]",10,321,96.3
21,6,pushups,4,"[9, 7, 5, 6]",8.19,27,27
21,6,squats,4,"[18, 18, 16, 16]",10,68,47.6
21,6,situps,4,"[4, 2, 1, 1]",6.97,8,12
21,6,plank_seconds,4,"[82, 80, 79, 79]",10,320,96
21,6,pushups,4,"[8, 8, 6, 7]",8.19,29,29
21,6,squats,4,"[18, 17, 16, 16]",10,67,46.9
21,6,situps,4,"[3, 3, 2, 1]",6.97,9,13.5
21,6,plank_seconds,4,"[81, 81, 79, 79]",10,320,96
22,6,pushups,4,"[5, 4, 3, 3]",8.4,15,15
22,6,squats,4,"[12, 11, 9, 9]",10,41,28.7
22,6,situps,4,"[4, 1, 1, 1]",7.2,7,10.5
22,6,plank_seconds,4,"[49, 48, 48, 46]",10,191,57.3
22,6,pushups,4,"[5, 5, 4, 3]",8.4,17,17
22,6,squats,4,"[12, 11, 9, 9]",10,41,28.7
22,6,situps,4,"[2, 2, 1, 1]",7.2,6,9
22,6,plank_seconds,4,"[49, 49, 47, 46]",10,191,57.3
22,6,pushups,4,"[5, 4, 3, 3]",8.4,15,15
22,6,squats,4,"[12, 10, 9, 8]",10,39,27.3
22,6,situps,4,"[3, 2, 1, 1]",7.2,7,10.5
22,6,plank_seconds,4,"[50, 49, 48, 47]",10,194,58.2
23,6,pushups,4,"[6, 5, 4, 4]",8.38,19,19
23,6,squats,4,"[14, 13, 12, 10]",10,49,34.3
23,6,situps,4,"[2, 1, 1, 1]",7.02,5,7.5
23,6,plank_seconds,4,"[58, 57, 56, 54]",10,225,67.5
23,6,pushups,4,"[8, 5, 5, 3]",8.38,21,21
23,6,squats,4,"[14, 13, 12, 9]",10,48,33.6
23,6,situps,4,"[3, 2, 1, 1]",7.02,7,10.5
23,6,plank_seconds,4,"[57, 56, 56, 55]",10,224,67.2
23,6,pushups,4,"[7, 5, 5, 4]",8.38,21,21
23,6,squats,4,"[13, 11, 12, 11]",10,47,32.9
23,6,situps,4,"[2, 1, 1, 1]",7.02,5,7.5
23,6,plank_seconds,4,"[58, 57, 54, 54]",10,223,66.9
24,6,pushups,4,"[4, 2, 2, 1]",8.05,9,9
24,6,squats,4,"[8, 7, 6, 6]",10,27,18.9
24,6,situps,4,"[1, 1, 1, 1]",7.03,4,6
24,6,plank_seconds,4,"[39, 37, 36, 35]",10,147,44.1
24,6,pushups,4,"[3, 3, 1, 1]",8.05,8,8
24,6,squats,4,"[8, 8, 7, 5]",10,28,19.6
24,6,situps,4,"[1, 1, 1, 1]",7.03,4,6
24,6,plank_seconds,4,"[38, 37, 35, 35]",10,145,43.5
24,6,pushups,4,"[3, 3, 2, 1]",8.05,9,9
24,6,squats,4,"[8, 8, 7, 5]",10,28,19.6
24,6,situps,4,"[1, 1, 1, 1]",7.03,4,6
24,6,plank_seconds,4,"[37, 36, 36, 34]",10,143,42.9
25,6,pushups,4,"[8, 8, 6, 6]",8.29,28,28
25,6,squats,4,"[18, 17, 15, 13]",10,63,44.1
25,6,situps,4,"[3, 3, 1, 1]",7.02,8,12
25,6,plank_seconds,4,"[78, 77, 75, 75]",10,305,91.5
25,6,pushups,4,"[8, 7, 7, 6]",8.29,28,28
25,6,squats,4,"[18, 18, 15, 15]",10,66,46.2
25,6,situps,4,"[4, 2, 2, 1]",7.02,9,13.5
25,6,plank_seconds,4,"[77, 77, 76, 75]",10,305,91.5
25,6,pushups,4,"[9, 7, 7, 5]",8.29,28,28
25,6,squats,4,"[18, 17, 16, 15]",10,66,46.2
25,6,situps,4,"[3, 2, 2, 1]",7.02,8,12
25,6,plank_seconds,4,"[78, 77, 76, 74]",10,305,91.5
26,6,pushups,4,"[7, 5, 4, 3]",8.34,19,19
26,6,squats,4,"[12, 10, 9, 9]",10,40,28
26,6,situps,4,"[4, 1, 1, 1]",7.17,7,10.5
26,6,plank_seconds,4,"[51, 49, 48, 48]",10,196,58.8
26,6,pushups,4,"[6, 5, 4, 3]",8.34,18,18
26,6,squats,4,"[12, 10, 9, 8]",10,39,27.3
26,6,situps,4,"[2, 1, 1, 1]",7.17,5,7.5
26,6,plank_seconds,4,"[51, 50, 49, 47]",10,197,59.1
26,6,pushups,4,"[5, 5, 4, 3]",8.34,17,17
26,6,squats,4,"[11, 10, 11, 9]",10,41,28.7
26,6,situps,4,"[3, 1, 1, 1]",7.17,6,9
26,6,plank_seconds,4,"[51, 49, 48, 47]",10,195,58.5
27,6,pushups,4,"[7, 7, 5, 4]",8.22,23,23
27,6,squats,4,"[17, 16, 15, 15]",10,63,44.1
27,6,situps,4,"[3, 2, 1, 1]",7.11,7,10.5
27,6,plank_seconds,4,"[71, 71, 70, 69]",10,281,84.3
27,6,pushups,4,"[7, 6, 6, 4]",8.22,23,23
27,6,squats,4,"[17, 16, 15, 14]",10,62,43.4
27,6,situps,4,"[3, 2, 2, 1]",7.11,8,12
27,6,plank_seconds,4,"[71, 71, 70, 69]",10,281,84.3
27,6,pushups,4,"[8, 6, 6, 4]",8.22,24,24
27,6,squats,4,"[17, 16, 14, 13]",10,60,42
27,6,situps,4,"[4, 3, 1, 1]",7.11,9,13.5
27,6,plank_seconds,4,"[72, 71, 69, 68]",10,280,84
28,6,pushups,4,"[4, 2, 2, 1]",7.96,9,9
28,6,squats,4,"[7, 7, 7, 5]",10,26,18.2
28,6,situps,4,"[1, 1, 1, 1]",6.98,4,6
28,6,plank_seconds,4,"[40, 39, 37, 36]",10,152,45.6
28,6,pushups,4,"[4, 3, 2, 1]",7.96,10,10
28,6,squats,4,"[8, 7, 7, 6]",10,28,19.6
28,6,situps,4,"[2, 1, 1, 1]",6.98,5,7.5
28,6,plank_seconds,4,"[40, 39, 37, 37]",10,153,45.9
28,6,pushups,4,"[4, 3, 2, 1]",7.96,10,10
28,6,squats,4,"[9, 7, 7, 5]",10,28,19.6
28,6,situps,4,"[1, 1, 1, 1]",6.98,4,6
28,6,plank_seconds,4,"[39, 38, 37, 37]",10,151,45.3
29,6,pushups,4,"[3, 2, 1, 1]",8.12,7,7
29,6,squats,4,"[9, 7, 7, 5]",10,28,19.6
29,6,situps,4,"[1, 1, 1, 1]",7.06,4,6
29,6,plank_seconds,4,"[37, 35, 35, 34]",10,141,42.3
29,6,pushups,4,"[3, 2, 1, 1]",8.12,7,7
29,6,squats,4,"[8, 8, 7, 5]",10,28,19.6
29,6,situps,4,"[1, 1, 1, 1]",7.06,4,6
29,6,plank_seconds,4,"[36, 36, 35, 34]",10,141,42.3
29,6,pushups,4,"[3, 3, 1, 1]",8.12,8,8
29,6,squats,4,"[9, 7, 6, 6]",10,28,19.6
29,6,situps,4,"[1, 1, 1, 1]",7.06,4,6
29,6,plank_seconds,4,"[36, 34, 34, 34]",10,138,41.4
0,7,pushups,4,"[5, 4, 3, 1]",8.05,13,13
0,7,squats,4,"[10, 9, 8, 8]",10,35,24.5
0,7,situps,4,"[1, 1, 1, 1]",6.82,4,6
0,7,plank_seconds,4,"[48, 47, 45, 45]",10,185,55.5
0,7,pushups,4,"[4, 4, 2, 2]",8.05,12,12
0,7,squats,4,"[10, 9, 9, 7]",10,35,24.5
0,7,situps,4,"[2, 1, 1, 1]",6.82,5,7.5
0,7,plank_seconds,4,"[47, 47, 45, 45]",10,184,55.2
1,7,pushups,4,"[3, 2, 2, 1]",8.19,8,8
1,7,squats,4,"[8, 6, 5, 4]",10,23,16.1
1,7,situps,4,"[2, 1, 1, 1]",7.1,5,7.5
1,7,plank_seconds,4,"[36, 34, 34, 33]",10,137,41.1
1,7,pushups,4,"[3, 3, 1, 1]",8.19,8,8
1,7,squats,4,"[9, 7, 5, 5]",10,26,18.2
1,7,situps,4,"[2, 1, 1, 1]",7.1,5,7.5
1,7,plank_seconds,4,"[35, 34, 34, 33]",10,136,40.8
1,7,pushups,4,"[4, 3, 1, 1]",8.19,9,9
1,7,squats,4,"[7, 6, 6, 4]",10,23,16.1
1,7,situps,4,"[1, 1, 1, 1]",7.1,4,6
1,7,plank_seconds,4,"[35, 35, 33, 33]",10,136,40.8
2,7,pushups,4,"[15, 15, 14, 13]",8.29,57,57
2,7,squats,4,"[32, 32, 30, 30]",10,124,86.8
2,7,situps,4,"[8, 6, 6, 4]",7.14,24,36
2,7,plank_seconds,4,"[139, 137, 136, 136]",10,548,164.4
2,7,pushups,4,"[15, 15, 13, 13]",8.29,56,56
2,7,squats,4,"[32, 31, 31, 29]",10,123,86.1
2,7,situps,4,"[8, 7, 5, 4]",7.14,24,36
2,7,plank_seconds,4,"[138, 138, 137, 136]",10,549,164.7
2,7,pushups,4,"[15, 15, 14, 13]",8.29,57,57
2,7,squats,4,"[33, 31, 30, 29]",10,123,86.1
2,7,situps,4,"[7, 7, 6, 5]",7.14,25,37.5
2,7,plank_seconds,4,"[139, 137, 135, 136]",10,547,164.1
3,7,pushups,4,"[5, 4, 3, 2]",8.39,14,14
3,7,squats,4,"[12, 11, 10, 8]",10,41,28.7
3,7,situps,4,"[3, 2, 1, 1]",7.19,7,10.5
3,7,plank_seconds,4,"[50, 49, 47, 46]",10,192,57.6
3,7,pushups,4,"[5, 5, 3, 2]",8.39,15,15
3,7,squats,4,"[12, 11, 10, 9]",10,42,29.4
3,7,situps,4,"[2, 2, 1, 1]",7.19,6,9
3,7,plank_seconds,4,"[49, 48, 47, 47]",10,191,57.3
4,7,pushups,4,"[11, 11, 10, 8]",8.31,40,40
4,7,squats,4,"[23, 22, 21, 20]",10,86,60.2
4,7,situps,4,"[5, 4, 3, 3]",7.15,15,22.5
4,7,plank_seconds,4,"[102, 102, 101, 99]",10,404,121.2
4,7,pushups,4,"[12, 10, 9, 9]",8.31,40,40
4,7,squats,4,"[24, 23, 22, 20]",10,89,62.3
4,7,situps,4,"[5, 5, 5, 3]",7.15,18,27
4,7,plank_seconds,4,"[102, 101, 100, 99]",10,402,120.6
5,7,pushups,4,"[6, 4, 4, 3]",8.31,17,17
5,7,squats,4,"[11, 12, 10, 8]",10,41,28.7
5,7,situps,4,"[2, 2, 1, 1]",7.16,6,9
5,7,plank_seconds,4,"[51, 50, 49, 47]",10,197,59.1
5,7,pushups,4,"[5, 5, 3, 2]",8.31,15,15
5,7,squats,4,"[12, 11, 10, 8]",10,41,28.7
5,7,situps,4,"[2, 2, 1, 1]",7.16,6,9
5,7,plank_seconds,4,"[51, 50, 49, 48]",10,198,59.4
6,7,pushups,4,"[14, 13, 12, 11]",8.26,50,50
6,7,squats,4,"[28, 28, 25, 25]",10,106,74.2
6,7,situps,4,"[7, 6, 5, 4]",7.13,22,33
6,7,plank_seconds,4,"[123, 121, 121, 120]",10,485,145.5
6,7,pushups,4,"[14, 14, 12, 11]",8.26,51,51
6,7,squats,4,"[28, 27, 26, 26]",10,107,74.9
6,7,situps,4,"[6, 6, 4, 3]",7.13,19,28.5
6,7,plank_seconds,4,"[123, 121, 120, 119]",10,483,144.9
6,7,pushups,4,"[13, 12, 11, 11]",8.26,47,47
6,7,squats,4,"[29, 28, 27, 26]",10,110,77
6,7,situps,4,"[6, 5, 5, 4]",7.13,20,30
6,7,plank_seconds,4,"[123, 122, 120, 119]",10,484,145.2
7,7,pushups,4,"[6, 5, 3, 2]",8.19,16,16
7,7,squats,4,"[12, 12, 11, 9]",10,44,30.8
7,7,situps,4,"[3, 2, 1, 1]",7.09,7,10.5
7,7,plank_seconds,4,"[53, 53, 51, 50]",10,207,62.1
7,7,pushups,4,"[5, 4, 3, 2]",8.19,14,14
7,7,squats,4,"[13, 11, 10, 9]",10,43,30.1
7,7,situps,4,"[3, 1, 1, 1]",7.09,6,9
7,7,plank_seconds,4,"[53, 53, 52, 50]",10,208,62.4
8,7,pushups,4,"[5, 4, 1, 1]",8.28,11,11
8,7,squats,4,"[10, 8, 7, 6]",10,31,21.7
8,7,situps,4,"[1, 1, 1, 1]",6.91,4,6
8,7,plank_seconds,4,"[43, 42, 40, 39]",10,164,49.2
8,7,pushups,4,"[5, 4, 2, 2]",8.28,13,13
8,7,squats,4,"[10, 9, 7, 6]",10,32,22.4
8,7,situps,4,"[2, 1, 1, 1]",6.91,5,7.5
8,7,plank_seconds,4,"[42, 42, 40, 39]",10,163,48.9
8,7,pushups,4,"[4, 4, 2, 2]",8.28,12,12
8,7,squats,4,"[10, 8, 8, 6]",10,32,22.4
8,7,situps,4,"[2, 1, 1, 1]",6.91,5,7.5
8,7,plank_seconds,4,"[43, 41, 40, 39]",10,163,48.9
9,7,pushups,4,"[15, 15, 13, 13]",8.34,56,56
9,7,squats,4,"[31, 30, 30, 28]",10,119,83.3
9,7,situps,4,"[7, 7, 5, 4]",7.17,23,34.5
9,7,plank_seconds,4,"[135, 136, 133, 132]",10,536,160.8
9,7,pushups,4,"[16, 15, 13, 12]",8.34,56,56
9,7,squats,4,"[32, 30, 29, 29]",10,120,84
9,7,situps,4,"[7, 7, 6, 4]",7.17,24,36
9,7,plank_seconds,4,"[136, 134, 133, 132]",10,535,160.5
9,7,pushups,4,"[16, 14, 13, 13]",8.34,56,56
9,7,squats,4,"[32, 30, 30, 29]",10,121,84.7
9,7,situps,4,"[6, 7, 6, 5]",7.17,24,36
9,7,plank_seconds,4,"[136, 134, 134, 132]",10,536,160.8
10,7,pushups,4,"[4, 2, 1, 1]",8.04,8,8
10,7,squats,4,"[9, 7, 7, 6]",10,29,20.3
10,7,situps,4,"[2, 1, 1, 1]",7.02,5,7.5
10,7,plank_seconds,4,"[39, 38, 37, 36]",10,150,45
10,7,pushups,4,"[4, 2, 2, 1]",8.04,9,9
10,7,squats,4,"[8, 7, 6, 5]",10,26,18.2
10,7,situps,4,"[1, 1, 1, 1]",7.02,4,6
10,7,plank_seconds,4,"[39, 37, 36, 36]",10,148,44.4
11,7,pushups,4,"[5, 4, 3, 2]",8.19,14,14
11,7,squats,4,"[9, 8, 8, 7]",10,32,22.4
11,7,situps,4,"[1, 1, 1, 1]",6.87,4,6
11,7,plank_seconds,4,"[45, 43, 43, 42]",10,173,51.9
11,7,pushups,4,"[5, 4, 2, 2]",8.19,13,13
11,7,squats,4,"[10, 9, 7, 7]",10,33,23.1
11,7,situps,4,"[2, 1, 1, 1]",6.87,5,7.5
11,7,plank_seconds,4,"[45, 44, 43, 41]",10,173,51.9
11,7,pushups,4,"[5, 4, 3, 1]",8.19,13,13
11,7,squats,4,"[10, 9, 7, 6]",10,32,22.4
11,7,situps,4,"[2, 1, 1, 1]",6.87,5,7.5
11,7,plank_seconds,4,"[44, 43, 43, 41]",10,171,51.3
12,7,pushups,4,"[9, 10, 8, 8]",8.33,35,35
12,7,squats,4,"[21, 20, 19, 18]",10,78,54.6
12,7,situps,4,"[4, 4, 2, 2]",7.06,12,18
12,7,plank_seconds,4,"[94, 93, 91, 91]",10,369,110.7
12,7,pushups,4,"[10, 9, 9, 8]",8.33,36,36
12,7,squats,4,"[22, 20, 19, 19]",10,80,56
12,7,situps,4,"[5, 3, 2, 1]",7.06,11,16.5
12,7,plank_seconds,4,"[94, 93, 91, 90]",10,368,110.4
12,7,pushups,4,"[10, 10, 8, 7]",8.33,35,35
12,7,squats,4,"[22, 20, 19, 18]",10,79,55.3
12,7,situps,4,"[5, 4, 3, 1]",7.06,13,19.5
12,7,plank_seconds,4,"[94, 93, 92, 91]",10,370,111
13,7,pushups,4,"[3, 1, 1, 1]",8,6,6
13,7,squats,4,"[8, 6, 4, 3]",10,21,14.7
13,7,situps,4,"[1, 1, 1, 1]",6.67,4,6
13,7,plank_seconds,4,"[28, 28, 26, 25]",10,107,32.1
13,7,pushups,4,"[2, 1, 1, 1]",8,5,5
13,7,squats,4,"[6, 5, 4, 3]",10,18,12.6
13,7,situps,4,"[1, 1, 1, 1]",6.67,4,6
13,7,plank_seconds,4,"[29, 28, 26, 26]",10,109,32.7
14,7,pushups,4,"[10, 8, 8, 6]",8.31,32,32
14,7,squats,4,"[19, 19, 18, 16]",10,72,50.4
14,7,situps,4,"[5, 3, 2, 1]",7.15,11,16.5
14,7,plank_seconds,4,"[86, 85, 83, 82]",10,336,100.8
14,7,pushups,4,"[8, 9, 8, 7]",8.31,32,32
14,7,squats,4,"[20, 19, 18, 16]",10,73,51.1
14,7,situps,4,"[4, 4, 2, 2]",7.15,12,18
14,7,plank_seconds,4,"[85, 85, 83, 83]",10,336,100.8
15,7,pushups,4,"[2, 1, 1, 1]",7.81,5,5
15,7,squats,4,"[6, 6, 5, 4]",10,21,14.7
15,7,situps,4,"[1, 1, 1, 1]",6.6,4,6
15,7,plank_seconds,4,"[32, 32, 31, 29]",10,124,37.2
15,7,pushups,4,"[3, 1, 1, 1]",7.81,6,6
15,7,squats,4,"[6, 6, 4, 4]",10,20,14
15,7,situps,4,"[1, 1, 1, 1]",6.6,4,6
15,7,plank_seconds,4,"[32, 32, 31, 30]",10,125,37.5
16,7,pushups,4,"[4, 3, 2, 2]",8.33,11,11
16,7,squats,4,"[10, 8, 8, 7]",10,33,23.1
16,7,situps,4,"[1, 1, 1, 1]",6.93,4,6
16,7,plank_seconds,4,"[41, 41, 39, 38]",10,159,47.7
16,7,pushups,4,"[5, 3, 3, 1]",8.33,12,12
16,7,squats,4,"[10, 8, 8, 7]",10,33,23.1
16,7,situps,4,"[1, 1, 1, 1]",6.93,4,6
16,7,plank_seconds,4,"[42, 40, 39, 40]",10,161,48.3
16,7,pushups,4,"[4, 4, 2, 1]",8.33,11,11
16,7,squats,4,"[9, 8, 8, 7]",10,32,22.4
16,7,situps,4,"[2, 1, 1, 1]",6.93,5,7.5
16,7,plank_seconds,4,"[43, 40, 39, 38]",10,160,48
17,7,pushups,4,"[6, 7, 5, 4]",8.38,22,22
17,7,squats,4,"[16, 14, 13, 13]",10,56,39.2
17,7,situps,4,"[3, 2, 2, 1]",7.19,8,12
17,7,plank_seconds,4,"[66, 66, 65, 62]",10,259,77.7
17,7,pushups,4,"[8, 7, 5, 5]",8.38,25,25
17,7,squats,4,"[16, 15, 13, 12]",10,56,39.2
17,7,situps,4,"[3, 3, 1, 1]",7.19,8,12
17,7,plank_seconds,4,"[67, 66, 64, 64]",10,261,78.3
17,7,pushups,4,"[8, 5, 6, 4]",8.38,23,23
17,7,squats,4,"[16, 15, 14, 12]",10,57,39.9
17,7,situps,4,"[3, 2, 2, 1]",7.19,8,12
17,7,plank_seconds,4,"[66, 66, 64, 64]",10,260,78
18,7,pushups,4,"[9, 8, 6, 5]",8.31,28,28
18,7,squats,4,"[18, 18, 15, 16]",10,67,46.9
18,7,situps,4,"[5, 2, 1, 1]",7.03,9,13.5
18,7,plank_seconds,4,"[76, 75, 74, 74]",10,299,89.7
18,7,pushups,4,"[8, 7, 6, 6]",8.31,27,27
18,7,squats,4,"[18, 17, 15, 14]",10,64,44.8
18,7,situps,4,"[4, 2, 2, 1]",7.03,9,13.5
18,7,plank_seconds,4,"[77, 76, 75, 74]",10,302,90.6
18,7,pushups,4,"[9, 8, 7, 5]",8.31,29,29
18,7,squats,4,"[18, 17, 15, 15]",10,65,45.5
18,7,situps,4,"[3, 3, 1, 1]",7.03,8,12
18,7,plank_seconds,4,"[76, 75, 74, 74]",10,299,89.7
19,7,pushups,4,"[3, 1, 1, 1]",8.23,6,6
19,7,squats,4,"[6, 4, 4, 3]",10,17,11.9
19,7,situps,4,"[1, 1, 1, 1]",6.74,4,6
19,7,plank_seconds,4,"[25, 24, 24, 22]",10,95,28.5
19,7,pushups,4,"[2, 1, 1, 1]",8.23,5,5
19,7,squats,4,"[5, 6, 3, 2]",10,16,11.2
19,7,situps,4,"[1, 1, 1, 1]",6.74,4,6
19,7,plank_seconds,4,"[25, 24, 24, 23]",10,96,28.8
19,7,pushups,4,"[3, 2, 1, 1]",8.23,7,7
19,7,squats,4,"[6, 4, 3, 2]",10,15,10.5
19,7,situps,4,"[1, 1, 1, 1]",6.74,4,6
19,7,plank_seconds,4,"[25, 25, 23, 23]",10,96,28.8
20,7,pushups,4,"[2, 2, 1, 1]",8.17,6,6
20,7,squats,4,"[5, 4, 4, 2]",10,15,10.5
20,7,situps,4,"[1, 1, 1, 1]",6.72,4,6
20,7,plank_seconds,4,"[27, 25, 25, 23]",10,100,30
20,7,pushups,4,"[3, 1, 1, 1]",8.17,6,6
20,7,squats,4,"[5, 4, 3, 3]",10,15,10.5
20,7,situps,4,"[1, 1, 1, 1]",6.72,4,6
20,7,plank_seconds,4,"[26, 26, 24, 24]",10,100,30
20,7,pushups,4,"[2, 2, 1, 1]",8.17,6,6
20,7,squats,4,"[6, 4, 3, 2]",10,15,10.5
20,7,situps,4,"[1, 1, 1, 1]",6.72,4,6
20,7,plank_seconds,4,"[27, 25, 25, 24]",10,101,30.3
21,7,pushups,4,"[8, 6, 7, 5]",8.19,26,26
21,7,squats,4,"[18, 17, 17, 16]",10,68,47.6
21,7,situps,4,"[4, 3, 2, 1]",6.97,10,15
21,7,plank_seconds,4,"[82, 80, 80, 78]",10,320,96
21,7,pushups,4,"[9, 8, 7, 5]",8.19,29,29
21,7,squats,4,"[18, 18, 17, 16]",10,69,48.3
21,7,situps,4,"[3, 2, 2, 1]",6.97,8,12
21,7,plank_seconds,4,"[82, 80, 79, 79]",10,320,96
22,7,pushups,4,"[7, 4, 4, 2]",8.4,17,17
22,7,squats,4,"[12, 11, 8, 8]",10,39,27.3
22,7,situps,4,"[2, 1, 1, 1]",7.2,5,7.5
22,7,plank_seconds,4,"[49, 49, 48, 47]",10,193,57.9
22,7,pushups,4,"[5, 5, 4, 3]",8.4,17,17
22,7,squats,4,"[11, 10, 9, 8]",10,38,26.6
22,7,situps,4,"[2, 1, 1, 1]",7.2,5,7.5
22,7,plank_seconds,4,"[49, 48, 47, 46]",10,190,57
23,7,pushups,4,"[7, 6, 5, 3]",8.38,21,21
23,7,squats,4,"[13, 12, 12, 10]",10,47,32.9
23,7,situps,4,"[2, 1, 1, 1]",7.02,5,7.5
23,7,plank_seconds,4,"[58, 56, 56, 54]",10,224,67.2
23,7,pushups,4,"[6, 6, 4, 3]",8.38,19,19
23,7,squats,4,"[14, 12, 11, 11]",10,48,33.6
23,7,situps,4,"[4, 2, 1, 1]",7.02,8,12
23,7,plank_seconds,4,"[57, 57, 55, 55]",10,224,67.2
24,7,pushups,4,"[4, 2, 2, 1]",8.05,9,9
24,7,squats,4,"[8, 8, 7, 5]",10,28,19.6
24,7,situps,4,"[2, 1, 1, 1]",7.03,5,7.5
24,7,plank_seconds,4,"[38, 36, 35, 35]",10,144,43.2
24,7,pushups,4,"[4, 2, 1, 1]",8.05,8,8
24,7,squats,4,"[9, 7, 7, 6]",10,29,20.3
24,7,situps,4,"[1, 1, 1, 1]",7.03,4,6
24,7,plank_seconds,4,"[37, 36, 36, 35]",10,144,43.2
24,7,pushups,4,"[4, 3, 1, 1]",8.05,9,9
24,7,squats,4,"[9, 7, 7, 7]",10,30,21
24,7,situps,4,"[2, 1, 1, 1]",7.03,5,7.5
24,7,plank_seconds,4,"[37, 37, 36, 35]",10,145,43.5
25,7,pushups,4,"[8, 7, 7, 5]",8.29,27,27
25,7,squats,4,"[18, 16, 16, 15]",10,65,45.5
25,7,situps,4,"[3, 2, 1, 1]",7.02,7,10.5
25,7,plank_seconds,4,"[78, 76, 75, 75]",10,304,91.2
25,7,pushups,4,"[8, 8, 7, 6]",8.29,29,29
25,7,squats,4,"[18, 16, 15, 14]",10,63,44.1
25,7,situps,4,"[4, 4, 2, 1]",7.02,11,16.5
25,7,plank_seconds,4,"[77, 75, 75, 74]",10,301,90.3
25,7,pushups,4,"[9, 8, 7, 5]",8.29,29,29
25,7,squats,4,"[17, 17, 16, 15]",10,65,45.5
25,7,situps,4,"[3, 3, 2, 1]",7.02,9,13.5
25,7,plank_seconds,4,"[77, 77, 75, 75]",10,304,91.2
26,7,pushups,4,"[5, 4, 4, 2]",8.34,15,15
26,7,squats,4,"[11, 11, 10, 9]",10,41,28.7
26,7,situps,4,"[3, 1, 1, 1]",7.17,6,9
26,7,plank_seconds,4,"[50, 49, 48, 47]",10,194,58.2
26,7,pushups,4,"[6, 5, 3, 2]",8.34,16,16
26,7,squats,4,"[11, 10, 9, 8]",10,38,26.6
26,7,situps,4,"[3, 2, 1, 1]",7.17,7,10.5
26,7,plank_seconds,4,"[51, 50, 48, 47]",10,196,58.8
26,7,pushups,4,"[6, 5, 3, 2]",8.34,16,16
26,7,squats,4,"[11, 11, 10, 8]",10,40,28
26,7,situps,4,"[3, 1, 1, 1]",7.17,6,9
26,7,plank_seconds,4,"[51, 50, 48, 47]",10,196,58.8
27,7,pushups,4,"[8, 6, 6, 4]",8.22,24,24
27,7,squats,4,"[17, 16, 15, 14]",10,62,43.4
27,7,situps,4,"[4, 3, 2, 1]",7.11,10,15
27,7,plank_seconds,4,"[71, 70, 69, 69]",10,279,83.7
27,7,pushups,4,"[8, 7, 5, 4]",8.22,24,24
27,7,squats,4,"[16, 15, 14, 14]",10,59,41.3
27,7,situps,4,"[4, 3, 1, 1]",7.11,9,13.5
27,7,plank_seconds,4,"[72, 70, 70, 69]",10,281,84.3
28,7,pushups,4,"[4, 3, 1, 1]",7.96,9,9
28,7,squats,4,"[8, 7, 6, 6]",10,27,18.9
28,7,situps,4,"[1, 1, 1, 1]",6.98,4,6
28,7,plank_seconds,4,"[40, 39, 38, 37]",10,154,46.2
28,7,pushups,4,"[3, 2, 1, 1]",7.96,7,7
28,7,squats,4,"[9, 7, 6, 5]",10,27,18.9
28,7,situps,4,"[2, 1, 1, 1]",6.98,5,7.5
28,7,plank_seconds,4,"[39, 38, 38, 36]",10,151,45.3
28,7,pushups,4,"[4, 2, 2, 1]",7.96,9,9
28,7,squats,4,"[9, 8, 6, 5]",10,28,19.6
28,7,situps,4,"[2, 1, 1, 1]",6.98,5,7.5
28,7,plank_seconds,4,"[38, 38, 37, 37]",10,150,45
29,7,pushups,4,"[4, 2, 1, 1]",8.12,8,8
29,7,squats,4,"[9, 6, 6, 5]",10,26,18.2
29,7,situps,4,"[1, 1, 1, 1]",7.06,4,6
29,7,plank_seconds,4,"[37, 35, 35, 33]",10,140,42
29,7,pushups,4,"[4, 2, 2, 1]",8.12,9,9
29,7,squats,4,"[9, 7, 6, 7]",10,29,20.3
29,7,situps,4,"[1, 1, 1, 1]",7.06,4,6
29,7,plank_seconds,4,"[36, 36, 33, 34]",10,139,41.7
29,7,pushups,4,"[3, 3, 1, 1]",8.12,8,8
29,7,squats,4,"[8, 7, 6, 5]",10,26,18.2
29,7,situps,4,"[1, 1, 1, 1]",7.06,4,6
29,7,plank_seconds,4,"[37, 35, 34, 34]",10,140,42
0,8,pushups,4,"[4, 3, 2, 1]",8.05,10,10
0,8,squats,4,"[11, 9, 8, 7]",10,35,24.5
0,8,situps,4,"[2, 1, 1, 1]",6.82,5,7.5
0,8,plank_seconds,4,"[48, 47, 45, 44]",10,184,55.2
0,8,pushups,4,"[5, 3, 1, 2]",8.05,11,11
0,8,squats,4,"[11, 10, 8, 7]",10,36,25.2
0,8,situps,4,"[2, 1, 1, 1]",6.82,5,7.5
0,8,plank_seconds,4,"[47, 46, 45, 45]",10,183,54.9
1,8,pushups,4,"[4, 2, 2, 1]",8.19,9,9
1,8,squats,4,"[8, 6, 7, 4]",10,25,17.5
1,8,situps,4,"[1, 1, 1, 1]",7.1,4,6
1,8,plank_seconds,4,"[35, 35, 33, 32]",10,135,40.5
2,8,pushups,4,"[16, 15, 14, 13]",8.29,58,58
2,8,squats,4,"[33, 32, 31, 30]",10,126,88.2
2,8,situps,4,"[7, 7, 6, 4]",7.14,24,36
2,8,plank_seconds,4,"[139, 137, 136, 136]",10,548,164.4
2,8,pushups,4,"[16, 14, 13, 12]",8.29,55,55
2,8,squats,4,"[33, 30, 31, 30]",10,124,86.8
2,8,situps,4,"[8, 6, 4, 5]",7.14,23,34.5
2,8,plank_seconds,4,"[139, 138, 136, 136]",10,549,164.7
2,8,pushups,4,"[15, 14, 14, 12]",8.29,55,55
2,8,squats,4,"[32, 31, 30, 30]",10,123,86.1
2,8,situps,4,"[8, 6, 5, 5]",7.14,24,36
2,8,plank_seconds,4,"[139, 137, 136, 136]",10,548,164.4
3,8,pushups,4,"[5, 4, 4, 3]",8.39,16,16
3,8,squats,4,"[12, 10, 10, 9]",10,41,28.7
3,8,situps,4,"[2, 2, 1, 1]",7.19,6,9
3,8,plank_seconds,4,"[49, 48, 47, 47]",10,191,57.3
3,8,pushups,4,"[6, 5, 3, 3]",8.39,17,17
3,8,squats,4,"[12, 10, 9, 8]",10,39,27.3
3,8,situps,4,"[3, 1, 1, 1]",7.19,6,9
3,8,plank_seconds,4,"[50, 48, 48, 47]",10,193,57.9
3,8,pushups,4,"[6, 5, 4, 3]",8.39,18,18
3,8,squats,4,"[11, 11, 10, 9]",10,41,28.7
3,8,situps,4,"[3, 1, 1, 1]",7.19,6,9
3,8,plank_seconds,4,"[49, 48, 47, 46]",10,190,57
4,8,pushups,4,"[12, 10, 8, 9]",8.31,39,39
4,8,squats,4,"[24, 23, 22, 20]",10,89,62.3
4,8,situps,4,"[6, 4, 4, 2]",7.15,16,24
4,8,plank_seconds,4,"[103, 102, 100, 100]",10,405,121.5
4,8,pushups,4,"[12, 10, 9, 9]",8.31,40,40
4,8,squats,4,"[23, 23, 22, 20]",10,88,61.6
4,8,situps,4,"[6, 6, 4, 3]",7.15,19,28.5
4,8,plank_seconds,4,"[103, 101, 101, 99]",10,404,121.2
5,8,pushups,4,"[6, 5, 4, 2]",8.31,17,17
5,8,squats,4,"[11, 11, 9, 9]",10,40,28
5,8,situps,4,"[2, 1, 1, 1]",7.16,5,7.5
5,8,plank_seconds,4,"[50, 49, 47, 47]",10,193,57.9
5,8,pushups,4,"[5, 5, 3, 3]",8.31,16,16
5,8,squats,4,"[12, 11, 9, 9]",10,41,28.7
5,8,situps,4,"[2, 1, 1, 1]",7.16,5,7.5
5,8,plank_seconds,4,"[52, 50, 48, 47]",10,197,59.1
5,8,pushups,4,"[6, 5, 3, 3]",8.31,17,17
5,8,squats,4,"[11, 10, 10, 8]",10,39,27.3
5,8,situps,4,"[3, 1, 1, 1]",7.16,6,9
5,8,plank_seconds,4,"[50, 50, 48, 48]",10,196,58.8
6,8,pushups,4,"[14, 13, 11, 10]",8.26,48,48
6,8,squats,4,"[30, 28, 26, 26]",10,110,77
6,8,situps,4,"[6, 5, 4, 3]",7.13,18,27
6,8,plank_seconds,4,"[123, 122, 119, 120]",10,484,145.2
6,8,pushups,4,"[14, 12, 12, 10]",8.26,48,48
6,8,squats,4,"[28, 28, 26, 25]",10,107,74.9
6,8,situps,4,"[6, 5, 5, 4]",7.13,20,30
6,8,plank_seconds,4,"[122, 122, 121, 119]",10,484,145.2
6,8,pushups,4,"[14, 13, 12, 11]",8.26,50,50
6,8,squats,4,"[28, 27, 27, 25]",10,107,74.9
6,8,situps,4,"[7, 6, 5, 4]",7.13,22,33
6,8,plank_seconds,4,"[123, 122, 121, 119]",10,485,145.5
7,8,pushups,4,"[6, 4, 3, 3]",8.19,16,16
7,8,squats,4,"[12, 11, 11, 10]",10,44,30.8
7,8,situps,4,"[2, 2, 1, 1]",7.09,6,9
7,8,plank_seconds,4,"[53, 53, 51, 50]",10,207,62.1
7,8,pushups,4,"[5, 4, 3, 3]",8.19,15,15
7,8,squats,4,"[13, 12, 10, 9]",10,44,30.8
7,8,situps,4,"[2, 2, 1, 1]",7.09,6,9
7,8,plank_seconds,4,"[54, 52, 51, 50]",10,207,62.1
8,8,pushups,4,"[4, 4, 2, 1]",8.28,11,11
8,8,squats,4,"[9, 8, 7, 6]",10,30,21
8,8,situps,4,"[1, 1, 1, 1]",6.91,4,6
8,8,plank_seconds,4,"[43, 42, 40, 39]",10,164,49.2
8,8,pushups,4,"[5, 3, 2, 2]",8.28,12,12
8,8,squats,4,"[10, 9, 8, 6]",10,33,23.1
8,8,situps,4,"[1, 1, 1, 1]",6.91,4,6
8,8,plank_seconds,4,"[42, 42, 40, 39]",10,163,48.9
9,8,pushups,4,"[16, 14, 13, 12]",8.34,55,55
9,8,squats,4,"[31, 30, 30, 29]",10,120,84
9,8,situps,4,"[8, 7, 6, 5]",7.17,26,39
9,8,plank_seconds,4,"[136, 135, 134, 132]",10,537,161.1
9,8,pushups,4,"[15, 15, 13, 12]",8.34,55,55
9,8,squats,4,"[32, 30, 29, 29]",10,120,84
9,8,situps,4,"[8, 6, 6, 4]",7.17,24,36
9,8,plank_seconds,4,"[137, 134, 134, 132]",10,537,161.1
9,8,pushups,4,"[15, 15, 13, 12]",8.34,55,55
9,8,squats,4,"[31, 31, 30, 29]",10,121,84.7
9,8,situps,4,"[7, 6, 6, 4]",7.17,23,34.5
9,8,plank_seconds,4,"[135, 135, 133, 132]",10,535,160.5
10,8,pushups,4,"[3, 3, 2, 1]",8.04,9,9
10,8,squats,4,"[8, 8, 7, 6]",10,29,20.3
10,8,situps,4,"[1, 1, 1, 1]",7.02,4,6
10,8,plank_seconds,4,"[38, 37, 37, 35]",10,147,44.1
10,8,pushups,4,"[4, 2, 1, 1]",8.04,8,8
10,8,squats,4,"[8, 8, 7, 5]",10,28,19.6
10,8,situps,4,"[3, 1, 1, 1]",7.02,6,9
10,8,plank_seconds,4,"[38, 38, 36, 35]",10,147,44.1
11,8,pushups,4,"[5, 3, 3, 1]",8.19,12,12
11,8,squats,4,"[9, 9, 7, 6]",10,31,21.7
11,8,situps,4,"[3, 1, 1, 1]",6.87,6,9
11,8,plank_seconds,4,"[44, 44, 43, 42]",10,173,51.9
11,8,pushups,4,"[4, 3, 2, 1]",8.19,10,10
11,8,squats,4,"[10, 9, 8, 7]",10,34,23.8
11,8,situps,4,"[2, 1, 1, 1]",6.87,5,7.5
11,8,plank_seconds,4,"[44, 43, 42, 42]",10,171,51.3
12,8,pushups,4,"[11, 9, 9, 7]",8.33,36,36
12,8,squats,4,"[21, 21, 20, 18]",10,80,56
12,8,situps,4,"[5, 4, 3, 1]",7.06,13,19.5
12,8,plank_seconds,4,"[94, 92, 91, 91]",10,368,110.4
12,8,pushups,4,"[11, 10, 9, 7]",8.33,37,37
12,8,squats,4,"[22, 20, 20, 19]",10,81,56.7
12,8,situps,4,"[5, 4, 2, 1]",7.06,12,18
12,8,plank_seconds,4,"[94, 92, 91, 90]",10,367,110.1
12,8,pushups,4,"[10, 9, 9, 7]",8.33,35,35
12,8,squats,4,"[22, 20, 19, 19]",10,80,56
12,8,situps,4,"[5, 4, 2, 1]",7.06,12,18
12,8,plank_seconds,4,"[93, 93, 91, 90]",10,367,110.1
13,8,pushups,4,"[3, 2, 1, 1]",8,7,7
13,8,squats,4,"[6, 6, 5, 4]",10,21,14.7
13,8,situps,4,"[1, 1, 1, 1]",6.67,4,6
13,8,plank_seconds,4,"[29, 28, 26, 26]",10,109,32.7
13,8,pushups,4,"[2, 1, 1, 1]",8,5,5
13,8,squats,4,"[6, 6, 5, 3]",10,20,14
13,8,situps,4,"[1, 1, 1, 1]",6.67,4,6
13,8,plank_seconds,4,"[29, 27, 26, 25]",10,107,32.1
13,8,pushups,4,"[2, 2, 1, 1]",8,6,6
13,8,squats,4,"[7, 6, 4, 4]",10,21,14.7
13,8,situps,4,"[1, 1, 1, 1]",6.67,4,6
13,8,plank_seconds,4,"[27, 27, 27, 25]",10,106,31.8
14,8,pushups,4,"[10, 8, 8, 6]",8.31,32,32
14,8,squats,4,"[19, 18, 18, 18]",10,73,51.1
14,8,situps,4,"[4, 3, 2, 1]",7.15,10,15
14,8,plank_seconds,4,"[86, 85, 84, 83]",10,338,101.4
14,8,pushups,4,"[9, 8, 8, 7]",8.31,32,32
14,8,squats,4,"[20, 18, 17, 16]",10,71,49.7
14,8,situps,4,"[3, 3, 2, 2]",7.15,10,15
14,8,plank_seconds,4,"[85, 84, 83, 81]",10,333,99.9
14,8,pushups,4,"[10, 8, 7, 6]",8.31,31,31
14,8,squats,4,"[20, 19, 17, 16]",10,72,50.4
14,8,situps,4,"[5, 3, 2, 1]",7.15,11,16.5
14,8,plank_seconds,4,"[85, 84, 84, 83]",10,336,100.8
15,8,pushups,4,"[2, 1, 1, 1]",7.81,5,5
15,8,squats,4,"[6, 6, 4, 4]",10,20,14
15,8,situps,4,"[1, 1, 1, 1]",6.6,4,6
15,8,plank_seconds,4,"[33, 30, 31, 30]",10,124,37.2
15,8,pushups,4,"[4, 2, 1, 1]",7.81,8,8
15,8,squats,4,"[7, 6, 5, 3]",10,21,14.7
15,8,situps,4,"[1, 1, 1, 1]",6.6,4,6
15,8,plank_seconds,4,"[32, 31, 31, 30]",10,124,37.2
16,8,pushups,4,"[5, 3, 2, 1]",8.33,11,11
16,8,squats,4,"[9, 8, 8, 7]",10,32,22.4
16,8,situps,4,"[2, 1, 1, 1]",6.93,5,7.5
16,8,plank_seconds,4,"[42, 41, 39, 39]",10,161,48.3
16,8,pushups,4,"[5, 4, 3, 1]",8.33,13,13
16,8,squats,4,"[9, 8, 7, 7]",10,31,21.7
16,8,situps,4,"[1, 1, 1, 1]",6.93,4,6
16,8,plank_seconds,4,"[41, 40, 40, 39]",10,160,48
17,8,pushups,4,"[8, 6, 5, 4]",8.38,23,23
17,8,squats,4,"[16, 14, 13, 12]",10,55,38.5
17,8,situps,4,"[4, 2, 1, 1]",7.19,8,12
17,8,plank_seconds,4,"[67, 65, 64, 64]",10,260,78
17,8,pushups,4,"[7, 6, 5, 4]",8.38,22,22
17,8,squats,4,"[15, 14, 13, 12]",10,54,37.8
17,8,situps,4,"[4, 2, 1, 1]",7.19,8,12
17,8,plank_seconds,4,"[67, 65, 64, 63]",10,259,77.7
17,8,pushups,4,"[8, 6, 5, 4]",8.38,23,23
17,8,squats,4,"[15, 15, 13, 13]",10,56,39.2
17,8,situps,4,"[3, 2, 1, 1]",7.19,7,10.5
17,8,plank_seconds,4,"[66, 65, 65, 64]",10,260,78
18,8,pushups,4,"[8, 8, 7, 6]",8.31,29,29
18,8,squats,4,"[18, 17, 16, 14]",10,65,45.5
18,8,situps,4,"[4, 3, 1, 1]",7.03,9,13.5
18,8,plank_seconds,4,"[76, 75, 74, 74]",10,299,89.7
18,8,pushups,4,"[9, 8, 6, 5]",8.31,28,28
18,8,squats,4,"[18, 17, 16, 15]",10,66,46.2
18,8,situps,4,"[3, 3, 1, 1]",7.03,8,12
18,8,plank_seconds,4,"[76, 75, 74, 73]",10,298,89.4
19,8,pushups,4,"[2, 1, 1, 1]",8.23,5,5
19,8,squats,4,"[5, 4, 4, 2]",10,15,10.5
19,8,situps,4,"[1, 1, 1, 1]",6.74,4,6
19,8,plank_seconds,4,"[26, 24, 23, 22]",10,95,28.5
19,8,pushups,4,"[2, 1, 1, 1]",8.23,5,5
19,8,squats,4,"[5, 5, 3, 3]",10,16,11.2
19,8,situps,4,"[1, 1, 1, 1]",6.74,4,6
19,8,plank_seconds,4,"[25, 24, 24, 22]",10,95,28.5
20,8,pushups,4,"[3, 1, 1, 1]",8.17,6,6
20,8,squats,4,"[4, 5, 3, 2]",10,14,9.8
20,8,situps,4,"[1, 1, 1, 1]",6.72,4,6
20,8,plank_seconds,4,"[26, 26, 24, 25]",10,101,30.3
20,8,pushups,4,"[2, 2, 1, 1]",8.17,6,6
20,8,squats,4,"[5, 4, 2, 3]",10,14,9.8
20,8,situps,4,"[1, 1, 1, 1]",6.72,4,6
20,8,plank_seconds,4,"[26, 26, 25, 23]",10,100,30
20,8,pushups,4,"[3, 1, 1, 1]",8.17,6,6
20,8,squats,4,"[6, 4, 4, 3]",10,17,11.9
20,8,situps,4,"[1, 1, 1, 1]",6.72,4,6
20,8,plank_seconds,4,"[27, 26, 23, 24]",10,100,30
21,8,pushups,4,"[9, 8, 7, 6]",8.19,30,30
21,8,squats,4,"[18, 18, 17, 15]",10,68,47.6
21,8,situps,4,"[4, 2, 1, 1]",6.97,8,12
21,8,plank_seconds,4,"[82, 81, 80, 79]",10,322,96.6
21,8,pushups,4,"[8, 7, 7, 6]",8.19,28,28
21,8,squats,4,"[19, 18, 16, 15]",10,68,47.6
21,8,situps,4,"[3, 2, 1, 1]",6.97,7,10.5
21,8,plank_seconds,4,"[81, 80, 79, 79]",10,319,95.7
21,8,pushups,4,"[9, 7, 6, 5]",8.19,27,27
21,8,squats,4,"[19, 18, 16, 16]",10,69,48.3
21,8,situps,4,"[4, 3, 2, 1]",6.97,10,15
21,8,plank_seconds,4,"[81, 81, 80, 78]",10,320,96
22,8,pushups,4,"[5, 5, 3, 2]",8.4,15,15
22,8,squats,4,"[11, 11, 10, 8]",10,40,28
22,8,situps,4,"[2, 1, 1, 1]",7.2,5,7.5
22,8,plank_seconds,4,"[49, 49, 48, 46]",10,192,57.6
22,8,pushups,4,"[5, 6, 4, 2]",8.4,17,17
22,8,squats,4,"[12, 11, 10, 8]",10,41,28.7
22,8,situps,4,"[2, 1, 1, 1]",7.2,5,7.5
22,8,plank_seconds,4,"[49, 48, 47, 47]",10,191,57.3
23,8,pushups,4,"[6, 5, 5, 4]",8.38,20,20
23,8,squats,4,"[14, 12, 11, 10]",10,47,32.9
23,8,situps,4,"[3, 1, 1, 1]",7.02,6,9
23,8,plank_seconds,4,"[57, 56, 56, 55]",10,224,67.2
23,8,pushups,4,"[7, 6, 4, 4]",8.38,21,21
23,8,squats,4,"[13, 13, 11, 9]",10,46,32.2
23,8,situps,4,"[3, 2, 1, 1]",7.02,7,10.5
23,8,plank_seconds,4,"[58, 56, 56, 54]",10,224,67.2
24,8,pushups,4,"[4, 2, 2, 1]",8.05,9,9
24,8,squats,4,"[8, 8, 7, 5]",10,28,19.6
24,8,situps,4,"[2, 1, 1, 1]",7.03,5,7.5
24,8,plank_seconds,4,"[37, 37, 36, 34]",10,144,43.2
25,8,pushups,4,"[9, 8, 6, 6]",8.29,29,29
25,8,squats,4,"[18, 17, 16, 15]",10,66,46.2
25,8,situps,4,"[4, 3, 2, 1]",7.02,10,15
25,8,plank_seconds,4,"[77, 76, 76, 74]",10,303,90.9
25,8,pushups,4,"[9, 8, 7, 6]",8.29,30,30
25,8,squats,4,"[17, 16, 15, 14]",10,62,43.4
25,8,situps,4,"[3, 2, 2, 1]",7.02,8,12
25,8,plank_seconds,4,"[78, 77, 76, 74]",10,305,91.5
26,8,pushups,4,"[5, 5, 3, 2]",8.34,15,15
26,8,squats,4,"[11, 9, 9, 9]",10,38,26.6
26,8,situps,4,"[2, 1, 1, 1]",7.17,5,7.5
26,8,plank_seconds,4,"[51, 49, 48, 49]",10,197,59.1
26,8,pushups,4,"[7, 5, 3, 3]",8.34,18,18
26,8,squats,4,"[11, 10, 10, 9]",10,40,28
26,8,situps,4,"[2, 1, 1, 1]",7.17,5,7.5
26,8,plank_seconds,4,"[51, 50, 48, 48]",10,197,59.1
26,8,pushups,4,"[4, 4, 4, 2]",8.34,14,14
26,8,squats,4,"[11, 10, 10, 9]",10,40,28
26,8,situps,4,"[3, 1, 1, 1]",7.17,6,9
26,8,plank_seconds,4,"[50, 49, 48, 48]",10,195,58.5
27,8,pushups,4,"[8, 7, 5, 5]",8.22,25,25
27,8,squats,4,"[16, 15, 14, 14]",10,59,41.3
27,8,situps,4,"[3, 3, 1, 1]",7.11,8,12
27,8,plank_seconds,4,"[72, 71, 69, 69]",10,281,84.3
27,8,pushups,4,"[8, 7, 6, 5]",8.22,26,26
27,8,squats,4,"[16, 16, 14, 13]",10,59,41.3
27,8,situps,4,"[3, 2, 1, 1]",7.11,7,10.5
27,8,plank_seconds,4,"[70, 72, 70, 68]",10,280,84
28,8,pushups,4,"[4, 2, 2, 1]",7.96,9,9
28,8,squats,4,"[8, 8, 6, 6]",10,28,19.6
28,8,situps,4,"[2, 1, 1, 1]",6.98,5,7.5
28,8,plank_seconds,4,"[39, 39, 38, 36]",10,152,45.6
28,8,pushups,4,"[4, 2, 2, 1]",7.96,9,9
28,8,squats,4,"[9, 7, 6, 6]",10,28,19.6
28,8,situps,4,"[1, 1, 1, 1]",6.98,4,6
28,8,plank_seconds,4,"[39, 38, 37, 36]",10,150,45
28,8,pushups,4,"[3, 2, 2, 1]",7.96,8,8
28,8,squats,4,"[9, 8, 7, 6]",10,30,21
28,8,situps,4,"[2, 1, 1, 1]",6.98,5,7.5
28,8,plank_seconds,4,"[40, 39, 38, 37]",10,154,46.2
29,8,pushups,4,"[3, 4, 1, 1]",8.12,9,9
29,8,squats,4,"[8, 7, 6, 5]",10,26,18.2
29,8,situps,4,"[1, 1, 1, 1]",7.06,4,6
29,8,plank_seconds,4,"[37, 36, 35, 33]",10,141,42.3
29,8,pushups,4,"[3, 2, 1, 1]",8.12,7,7
29,8,squats,4,"[8, 8, 7, 5]",10,28,19.6
29,8,situps,4,"[1, 1, 1, 1]",7.06,4,6
29,8,plank_seconds,4,"[36, 35, 34, 33]",10,138,41.4
29,8,pushups,4,"[3, 2, 1, 1]",8.12,7,7
29,8,squats,4,"[8, 8, 7, 5]",10,28,19.6
29,8,situps,4,"[1, 1, 1, 1]",7.06,4,6
29,8,plank_seconds,4,"[37, 36, 35, 34]",10,142,42.6
0,9,pushups,4,"[4, 3, 3, 2]",8.05,12,12
0,9,squats,4,"[11, 10, 8, 7]",10,36,25.2
0,9,situps,4,"[2, 1, 1, 1]",6.82,5,7.5
0,9,plank_seconds,4,"[47, 46, 45, 45]",10,183,54.9
0,9,pushups,4,"[5, 3, 2, 2]",8.05,12,12
0,9,squats,4,"[11, 10, 8, 8]",10,37,25.9
0,9,situps,4,"[2, 1, 1, 1]",6.82,5,7.5
0,9,plank_seconds,4,"[48, 47, 45, 45]",10,185,55.5
0,9,pushups,4,"[5, 3, 2, 2]",8.05,12,12
0,9,squats,4,"[10, 10, 8, 8]",10,36,25.2
0,9,situps,4,"[1, 1, 1, 1]",6.82,4,6
0,9,plank_seconds,4,"[48, 46, 45, 44]",10,183,54.9
1,9,pushups,4,"[4, 3, 2, 1]",8.19,10,10
1,9,squats,4,"[7, 6, 5, 4]",10,22,15.4
1,9,situps,4,"[1, 1, 1, 1]",7.1,4,6
1,9,plank_seconds,4,"[35, 34, 34, 33]",10,136,40.8
1,9,pushups,4,"[2, 2, 1, 1]",8.19,6,6
1,9,squats,4,"[7, 6, 5, 4]",10,22,15.4
1,9,situps,4,"[1, 1, 1, 1]",7.1,4,6
1,9,plank_seconds,4,"[36, 34, 34, 32]",10,136,40.8
1,9,pushups,4,"[4, 2, 1, 1]",8.19,8,8
1,9,squats,4,"[8, 7, 5, 4]",10,24,16.8
1,9,situps,4,"[1, 1, 1, 1]",7.1,4,6
1,9,plank_seconds,4,"[36, 34, 33, 32]",10,135,40.5
2,9,pushups,4,"[14, 14, 13, 13]",8.29,54,54
2,9,squats,4,"[32, 32, 29, 29]",10,122,85.4
2,9,situps,4,"[7, 6, 5, 5]",7.14,23,34.5
2,9,plank_seconds,4,"[139, 138, 136, 135]",10,548,164.4
2,9,pushups,4,"[15, 15, 13, 13]",8.29,56,56
2,9,squats,4,"[32, 32, 31, 29]",10,124,86.8
2,9,situps,4,"[7, 6, 5, 4]",7.14,22,33
2,9,plank_seconds,4,"[140, 138, 137, 136]",10,551,165.3
2,9,pushups,4,"[15, 14, 14, 13]",8.29,56,56
2,9,squats,4,"[32, 31, 32, 29]",10,124,86.8
2,9,situps,4,"[7, 7, 5, 5]",7.14,24,36
2,9,plank_seconds,4,"[139, 137, 136, 135]",10,547,164.1
3,9,pushups,4,"[6, 5, 4, 2]",8.39,17,17
3,9,squats,4,"[11, 11, 10, 8]",10,40,28
3,9,situps,4,"[2, 1, 1, 1]",7.19,5,7.5
3,9,plank_seconds,4,"[49, 48, 48, 46]",10,191,57.3
3,9,pushups,4,"[6, 5, 4, 3]",8.39,18,18
3,9,squats,4,"[11, 10, 9, 8]",10,38,26.6
3,9,situps,4,"[2, 2, 1, 1]",7.19,6,9
3,9,plank_seconds,4,"[50, 49, 48, 47]",10,194,58.2
3,9,pushups,4,"[5, 5, 4, 3]",8.39,17,17
3,9,squats,4,"[12, 10, 9, 8]",10,39,27.3
3,9,situps,4,"[3, 1, 1, 1]",7.19,6,9
3,9,plank_seconds,4,"[49, 49, 46, 46]",10,190,57
4,9,pushups,4,"[11, 11, 10, 9]",8.31,41,41
4,9,squats,4,"[24, 22, 21, 21]",10,88,61.6
4,9,situps,4,"[5, 4, 4, 3]",7.15,16,24
4,9,plank_seconds,4,"[103, 102, 101, 100]",10,406,121.8
4,9,pushups,4,"[11, 11, 10, 9]",8.31,41,41
4,9,squats,4,"[24, 23, 22, 20]",10,89,62.3
4,9,situps,4,"[6, 4, 4, 2]",7.15,16,24
4,9,plank_seconds,4,"[103, 102, 101, 100]",10,406,121.8
5,9,pushups,4,"[4, 5, 3, 3]",8.31,15,15
5,9,squats,4,"[11, 10, 10, 9]",10,40,28
5,9,situps,4,"[2, 2, 1, 1]",7.16,6,9
5,9,plank_seconds,4,"[50, 50, 48, 47]",10,195,58.5
5,9,pushups,4,"[6, 4, 4, 2]",8.31,16,16
5,9,squats,4,"[12, 11, 9, 8]",10,40,28
5,9,situps,4,"[3, 1, 1, 1]",7.16,6,9
5,9,plank_seconds,4,"[51, 49, 48, 47]",10,195,58.5
5,9,pushups,4,"[5, 5, 3, 4]",8.31,17,17
5,9,squats,4,"[12, 11, 10, 8]",10,41,28.7
5,9,situps,4,"[4, 1, 1, 1]",7.16,7,10.5
5,9,plank_seconds,4,"[51, 49, 49, 47]",10,196,58.8
6,9,pushups,4,"[13, 13, 11, 10]",8.26,47,47
6,9,squats,4,"[29, 29, 27, 25]",10,110,77
6,9,situps,4,"[6, 6, 4, 4]",7.13,20,30
6,9,plank_seconds,4,"[123, 122, 120, 120]",10,485,145.5
7,9,pushups,4,"[5, 6, 3, 2]",8.19,16,16
7,9,squats,4,"[12, 13, 11, 10]",10,46,32.2
7,9,situps,4,"[2, 3, 1, 1]",7.09,7,10.5
7,9,plank_seconds,4,"[54, 52, 51, 50]",10,207,62.1
7,9,pushups,4,"[6, 5, 3, 3]",8.19,17,17
7,9,squats,4,"[11, 12, 11, 10]",10,44,30.8
7,9,situps,4,"[2, 2, 1, 1]",7.09,6,9
7,9,plank_seconds,4,"[53, 53, 52, 49]",10,207,62.1
7,9,pushups,4,"[5, 5, 4, 3]",8.19,17,17
7,9,squats,4,"[12, 11, 10, 10]",10,43,30.1
7,9,situps,4,"[2, 2, 1, 1]",7.09,6,9
7,9,plank_seconds,4,"[53, 52, 51, 50]",10,206,61.8
8,9,pushups,4,"[4, 5, 1, 1]",8.28,11,11
8,9,squats,4,"[10, 8, 7, 6]",10,31,21.7
8,9,situps,4,"[1, 1, 1, 1]",6.91,4,6
8,9,plank_seconds,4,"[43, 42, 41, 38]",10,164,49.2
8,9,pushups,4,"[4, 4, 2, 2]",8.28,12,12
8,9,squats,4,"[10, 8, 7, 6]",10,31,21.7
8,9,situps,4,"[1, 1, 1, 1]",6.91,4,6
8,9,plank_seconds,4,"[43, 42, 40, 40]",10,165,49.5
8,9,pushups,4,"[5, 4, 2, 2]",8.28,13,13
8,9,squats,4,"[10, 8, 9, 7]",10,34,23.8
8,9,situps,4,"[2, 1, 1, 1]",6.91,5,7.5
8,9,plank_seconds,4,"[43, 41, 40, 40]",10,164,49.2
9,9,pushups,4,"[15, 14, 13, 13]",8.34,55,55
9,9,squats,4,"[31, 31, 30, 28]",10,120,84
9,9,situps,4,"[8, 6, 7, 5]",7.17,26,39
9,9,plank_seconds,4,"[135, 134, 133, 132]",10,534,160.2
9,9,pushups,4,"[16, 14, 14, 12]",8.34,56,56
9,9,squats,4,"[31, 30, 29, 29]",10,119,83.3
9,9,situps,4,"[8, 7, 4, 5]",7.17,24,36
9,9,plank_seconds,4,"[135, 135, 134, 132]",10,536,160.8
10,9,pushups,4,"[3, 3, 2, 1]",8.04,9,9
10,9,squats,4,"[9, 8, 7, 6]",10,30,21
10,9,situps,4,"[1, 1, 1, 1]",7.02,4,6
10,9,plank_seconds,4,"[38, 37, 37, 35]",10,147,44.1
10,9,pushups,4,"[3, 3, 2, 1]",8.04,9,9
10,9,squats,4,"[9, 7, 6, 5]",10,27,18.9
10,9,situps,4,"[1, 1, 1, 1]",7.02,4,6
10,9,plank_seconds,4,"[38, 37, 36, 36]",10,147,44.1
10,9,pushups,4,"[3, 3, 2, 1]",8.04,9,9
10,9,squats,4,"[8, 8, 7, 6]",10,29,20.3
10,9,situps,4,"[2, 1, 1, 1]",7.02,5,7.5
10,9,plank_seconds,4,"[39, 37, 36, 36]",10,148,44.4
12,9,pushups,4,"[11, 9, 8, 8]",8.33,36,36
12,9,squats,4,"[22, 21, 19, 18]",10,80,56
12,9,situps,4,"[4, 4, 3, 2]",7.06,13,19.5
12,9,plank_seconds,4,"[94, 93, 92, 91]",10,370,111
12,9,pushups,4,"[10, 9, 9, 8]",8.33,36,36
12,9,squats,4,"[21, 21, 20, 18]",10,80,56
12,9,situps,4,"[4, 4, 2, 1]",7.06,11,16.5
12,9,plank_seconds,4,"[94, 92, 91, 91]",10,368,110.4
12,9,pushups,4,"[10, 10, 9, 8]",8.33,37,37
12,9,squats,4,"[22, 20, 20, 18]",10,80,56
12,9,situps,4,"[5, 3, 3, 1]",7.06,12,18
12,9,plank_seconds,4,"[92, 92, 92, 91]",10,367,110.1
13,9,pushups,4,"[3, 1, 1, 1]",8,6,6
13,9,squats,4,"[7, 5, 5, 4]",10,21,14.7
13,9,situps,4,"[1, 1, 1, 1]",6.67,4,6
13,9,plank_seconds,4,"[28, 27, 25, 26]",10,106,31.8
13,9,pushups,4,"[3, 2, 1, 1]",8,7,7
13,9,squats,4,"[6, 5, 4, 3]",10,18,12.6
13,9,situps,4,"[1, 1, 1, 1]",6.67,4,6
13,9,plank_seconds,4,"[28, 27, 27, 26]",10,108,32.4
14,9,pushups,4,"[9, 8, 7, 6]",8.31,30,30
14,9,squats,4,"[19, 20, 17, 16]",10,72,50.4
14,9,situps,4,"[4, 3, 2, 2]",7.15,11,16.5
14,9,plank_seconds,4,"[85, 85, 84, 82]",10,336,100.8
14,9,pushups,4,"[8, 8, 7, 8]",8.31,31,31
14,9,squats,4,"[20, 18, 17, 16]",10,71,49.7
14,9,situps,4,"[5, 3, 2, 1]",7.15,11,16.5
14,9,plank_seconds,4,"[85, 85, 84, 83]",10,337,101.1
15,9,pushups,4,"[2, 2, 1, 1]",7.81,6,6
15,9,squats,4,"[6, 5, 5, 5]",10,21,14.7
15,9,situps,4,"[1, 1, 1, 1]",6.6,4,6
15,9,plank_seconds,4,"[34, 31, 31, 29]",10,125,37.5
15,9,pushups,4,"[3, 2, 1, 1]",7.81,7,7
15,9,squats,4,"[7, 6, 5, 4]",10,22,15.4
15,9,situps,4,"[1, 1, 1, 1]",6.6,4,6
15,9,plank_seconds,4,"[32, 31, 30, 30]",10,123,36.9
16,9,pushups,4,"[4, 2, 2, 1]",8.33,9,9
16,9,squats,4,"[10, 9, 7, 7]",10,33,23.1
16,9,situps,4,"[2, 1, 1, 1]",6.93,5,7.5
16,9,plank_seconds,4,"[41, 41, 40, 39]",10,161,48.3
16,9,pushups,4,"[5, 2, 3, 1]",8.33,11,11
16,9,squats,4,"[9, 8, 7, 6]",10,30,21
16,9,situps,4,"[2, 1, 1, 1]",6.93,5,7.5
16,9,plank_seconds,4,"[41, 40, 38, 38]",10,157,47.1
17,9,pushups,4,"[8, 7, 6, 6]",8.38,27,27
17,9,squats,4,"[16, 14, 13, 12]",10,55,38.5
17,9,situps,4,"[3, 3, 1, 1]",7.19,8,12
17,9,plank_seconds,4,"[67, 65, 64, 64]",10,260,78
17,9,pushups,4,"[7, 6, 5, 5]",8.38,23,23
17,9,squats,4,"[16, 15, 13, 12]",10,56,39.2
17,9,situps,4,"[3, 2, 2, 1]",7.19,8,12
17,9,plank_seconds,4,"[67, 66, 64, 64]",10,261,78.3
18,9,pushups,4,"[9, 8, 6, 6]",8.31,29,29
18,9,squats,4,"[18, 17, 16, 15]",10,66,46.2
18,9,situps,4,"[3, 4, 1, 1]",7.03,9,13.5
18,9,plank_seconds,4,"[77, 75, 74, 73]",10,299,89.7
18,9,pushups,4,"[9, 7, 6, 4]",8.31,26,26
18,9,squats,4,"[18, 16, 16, 14]",10,64,44.8
18,9,situps,4,"[3, 3, 2, 1]",7.03,9,13.5
18,9,plank_seconds,4,"[77, 76, 75, 73]",10,301,90.3
18,9,pushups,4,"[9, 8, 7, 5]",8.31,29,29
18,9,squats,4,"[17, 17, 15, 15]",10,64,44.8
18,9,situps,4,"[3, 3, 1, 1]",7.03,8,12
18,9,plank_seconds,4,"[76, 76, 75, 74]",10,301,90.3
19,9,pushups,4,"[2, 2, 1, 1]",8.23,6,6
19,9,squats,4,"[6, 5, 3, 2]",10,16,11.2
19,9,situps,4,"[1, 1, 1, 1]",6.74,4,6
19,9,plank_seconds,4,"[26, 25, 24, 22]",10,97,29.1
19,9,pushups,4,"[2, 1, 1, 1]",8.23,5,5
19,9,squats,4,"[6, 5, 2, 3]",10,16,11.2
19,9,situps,4,"[1, 1, 1, 1]",6.74,4,6
19,9,plank_seconds,4,"[26, 25, 23, 23]",10,97,29.1
19,9,pushups,4,"[3, 1, 1, 1]",8.23,6,6
19,9,squats,4,"[6, 5, 3, 2]",10,16,11.2
19,9,situps,4,"[2, 1, 1, 1]",6.74,5,7.5
19,9,plank_seconds,4,"[26, 24, 24, 22]",10,96,28.8
20,9,pushups,4,"[3, 2, 1, 1]",8.17,7,7
20,9,squats,4,"[6, 4, 4, 2]",10,16,11.2
20,9,situps,4,"[1, 1, 1, 1]",6.72,4,6
20,9,plank_seconds,4,"[27, 25, 25, 24]",10,101,30.3
20,9,pushups,4,"[2, 2, 1, 1]",8.17,6,6
20,9,squats,4,"[5, 5, 3, 3]",10,16,11.2
20,9,situps,4,"[1, 1, 1, 1]",6.72,4,6
20,9,plank_seconds,4,"[26, 26, 25, 24]",10,101,30.3
20,9,pushups,4,"[2, 1, 1, 1]",8.17,5,5
20,9,squats,4,"[6, 4, 4, 2]",10,16,11.2
20,9,situps,4,"[1, 1, 1, 1]",6.72,4,6
20,9,plank_seconds,4,"[26, 26, 25, 24]",10,101,30.3
21,9,pushups,4,"[9, 7, 6, 5]",8.19,27,27
21,9,squats,4,"[19, 19, 17, 14]",10,69,48.3
21,9,situps,4,"[3, 2, 1, 1]",6.97,7,10.5
21,9,plank_seconds,4,"[81, 80, 80, 79]",10,320,96
21,9,pushups,4,"[9, 7, 6, 6]",8.19,28,28
21,9,squats,4,"[19, 18, 16, 15]",10,68,47.6
21,9,situps,4,"[3, 3, 2, 1]",6.97,9,13.5
21,9,plank_seconds,4,"[82, 81, 80, 78]",10,321,96.3
22,9,pushups,4,"[5, 5, 4, 3]",8.4,17,17
22,9,squats,4,"[11, 11, 10, 9]",10,41,28.7
22,9,situps,4,"[3, 2, 1, 1]",7.2,7,10.5
22,9,plank_seconds,4,"[49, 48, 46, 47]",10,190,57
22,9,pushups,4,"[6, 4, 3, 2]",8.4,15,15
22,9,squats,4,"[12, 11, 10, 8]",10,41,28.7
22,9,situps,4,"[3, 2, 1, 1]",7.2,7,10.5
22,9,plank_seconds,4,"[49, 48, 48, 46]",10,191,57.3
23,9,pushups,4,"[7, 5, 4, 3]",8.38,19,19
23,9,squats,4,"[13, 14, 11, 11]",10,49,34.3
23,9,situps,4,"[2, 1, 1, 1]",7.02,5,7.5
23,9,plank_seconds,4,"[58, 57, 57, 55]",10,227,68.1
23,9,pushups,4,"[6, 6, 4, 4]",8.38,20,20
23,9,squats,4,"[13, 14, 12, 10]",10,49,34.3
23,9,situps,4,"[2, 2, 1, 1]",7.02,6,9
23,9,plank_seconds,4,"[58, 56, 55, 55]",10,224,67.2
23,9,pushups,4,"[6, 5, 5, 3]",8.38,19,19
23,9,squats,4,"[14, 12, 11, 9]",10,46,32.2
23,9,situps,4,"[3, 1, 1, 1]",7.02,6,9
23,9,plank_seconds,4,"[58, 56, 56, 55]",10,225,67.5
24,9,pushups,4,"[5, 2, 2, 1]",8.05,10,10
24,9,squats,4,"[8, 8, 7, 5]",10,28,19.6
24,9,situps,4,"[1, 1, 1, 1]",7.03,4,6
24,9,plank_seconds,4,"[38, 37, 36, 35]",10,146,43.8
24,9,pushups,4,"[3, 2, 1, 1]",8.05,7,7
24,9,squats,4,"[9, 7, 7, 6]",10,29,20.3
24,9,situps,4,"[1, 1, 1, 1]",7.03,4,6
24,9,plank_seconds,4,"[38, 37, 36, 35]",10,146,43.8
25,9,pushups,4,"[8, 7, 7, 6]",8.29,28,28
25,9,squats,4,"[18, 17, 15, 15]",10,65,45.5
25,9,situps,4,"[4, 2, 1, 1]",7.02,8,12
25,9,plank_seconds,4,"[78, 76, 74, 74]",10,302,90.6
25,9,pushups,4,"[8, 7, 7, 6]",8.29,28,28
25,9,squats,4,"[18, 15, 15, 14]",10,62,43.4
25,9,situps,4,"[4, 3, 2, 1]",7.02,10,15
25,9,plank_seconds,4,"[77, 76, 76, 74]",10,303,90.9
25,9,pushups,4,"[9, 8, 6, 5]",8.29,28,28
25,9,squats,4,"[17, 16, 15, 13]",10,61,42.7
25,9,situps,4,"[3, 3, 2, 1]",7.02,9,13.5
25,9,plank_seconds,4,"[78, 76, 76, 75]",10,305,91.5
26,9,pushups,4,"[6, 4, 4, 2]",8.34,16,16
26,9,squats,4,"[11, 11, 10, 9]",10,41,28.7
26,9,situps,4,"[3, 1, 1, 1]",7.17,6,9
26,9,plank_seconds,4,"[50, 50, 49, 47]",10,196,58.8
26,9,pushups,4,"[6, 5, 3, 4]",8.34,18,18
26,9,squats,4,"[11, 10, 9, 8]",10,38,26.6
26,9,situps,4,"[2, 1, 1, 1]",7.17,5,7.5
26,9,plank_seconds,4,"[51, 51, 49, 47]",10,198,59.4
26,9,pushups,4,"[5, 4, 4, 2]",8.34,15,15
26,9,squats,4,"[11, 10, 10, 9]",10,40,28
26,9,situps,4,"[2, 2, 1, 1]",7.17,6,9
26,9,plank_seconds,4,"[51, 49, 48, 47]",10,195,58.5
27,9,pushups,4,"[7, 7, 6, 5]",8.22,25,25
27,9,squats,4,"[16, 15, 15, 14]",10,60,42
27,9,situps,4,"[3, 2, 1, 1]",7.11,7,10.5
27,9,plank_seconds,4,"[72, 70, 69, 68]",10,279,83.7
27,9,pushups,4,"[8, 6, 5, 5]",8.22,24,24
27,9,squats,4,"[17, 15, 15, 13]",10,60,42
27,9,situps,4,"[3, 3, 1, 1]",7.11,8,12
27,9,plank_seconds,4,"[72, 71, 69, 68]",10,280,84
27,9,pushups,4,"[7, 6, 6, 4]",8.22,23,23
27,9,squats,4,"[16, 16, 14, 13]",10,59,41.3
27,9,situps,4,"[4, 3, 1, 1]",7.11,9,13.5
27,9,plank_seconds,4,"[71, 71, 69, 68]",10,279,83.7
28,9,pushups,4,"[3, 4, 1, 1]",7.96,9,9
28,9,squats,4,"[9, 7, 6, 6]",10,28,19.6
28,9,situps,4,"[2, 1, 1, 1]",6.98,5,7.5
28,9,plank_seconds,4,"[40, 39, 38, 37]",10,154,46.2
28,9,pushups,4,"[3, 2, 2, 1]",7.96,8,8
28,9,squats,4,"[8, 7, 6, 6]",10,27,18.9
28,9,situps,4,"[1, 1, 1, 1]",6.98,4,6
28,9,plank_seconds,4,"[39, 39, 38, 37]",10,153,45.9
28,9,pushups,4,"[3, 2, 2, 1]",7.96,8,8
28,9,squats,4,"[9, 8, 6, 5]",10,28,19.6
28,9,situps,4,"[2, 1, 1, 1]",6.98,5,7.5
28,9,plank_seconds,4,"[39, 39, 37, 36]",10,151,45.3
29,9,pushups,4,"[4, 2, 2, 1]",8.12,9,9
29,9,squats,4,"[9, 7, 6, 6]",10,28,19.6
29,9,situps,4,"[3, 1, 1, 1]",7.06,6,9
29,9,plank_seconds,4,"[36, 35, 34, 33]",10,138,41.4
29,9,pushups,4,"[4, 2, 2, 1]",8.12,9,9
29,9,squats,4,"[9, 8, 6, 6]",10,29,20.3
29,9,situps,4,"[2, 1, 1, 1]",7.06,5,7.5
29,9,plank_seconds,4,"[37, 35, 34, 33]",10,139,41.7
29,9,pushups,4,"[3, 2, 1, 1]",8.12,7,7
29,9,squats,4,"[8, 7, 7, 5]",10,27,18.9
29,9,situps,4,"[2, 1, 1, 1]",7.06,5,7.5
29,9,plank_seconds,4,"[37, 35, 34, 34]",10,140,42
